{
  "type": "FeatureCollection",
  "generator": "overpass-turbo",
  "copyright": "The data included in this document is from www.openstreetmap.org. The data is made available under ODbL.",
  "timestamp": "2025-05-24T19:52:00Z",
  "features": [
    {
      "type": "Feature",
      "properties": {
        "@id": "node/42641724",
        "name": "Vlissingen",
        "name:ar": "فلسنقن",
        "name:nl": "Vlissingen",
        "public_transport": "station",
        "railway": "station",
        "railway:ref": "Vs",
        "start_date": "1873-09-01",
        "train": "yes",
        "wikidata": "Q508613",
        "wikipedia": "nl:Station Vlissingen",
        "zone": "7660"
      },
      "geometry": {
        "type": "Point",
        "coordinates": [
          3.595722,
          51.4440529
        ]
      },
      "id": "node/42641724"
    },
    {
      "type": "Feature",
      "properties": {
        "@id": "node/42715031",
        "addr:city": "Helmond",
        "addr:country": "NL",
        "addr:housenumber": "6",
        "addr:postcode": "5709AC",
        "addr:street": "Deltaweg",
        "name": "Helmond Brouwhuis",
        "public_transport": "station",
        "railway": "station",
        "railway:ref": "Hmbh",
        "source": "BAG",
        "source:date": "2014-06-04",
        "train": "yes",
        "wheelchair": "yes",
        "wikidata": "Q3405204",
        "wikipedia": "nl:Station Helmond Brouwhuis",
        "zone": "6543"
      },
      "geometry": {
        "type": "Point",
        "coordinates": [
          5.70137,
          51.4706226
        ]
      },
      "id": "node/42715031"
    },
    {
      "type": "Feature",
      "properties": {
        "@id": "node/42966392",
        "name": "Roosendaal",
        "public_transport": "station",
        "railway": "station",
        "railway:ref": "Rsd",
        "railway:ref:NMBS/SNCB": "XNRSD",
        "source": "AND",
        "start_date": "1854-07-03",
        "train": "yes",
        "wikidata": "Q801378",
        "wikipedia": "nl:Station Roosendaal",
        "zone": "7260"
      },
      "geometry": {
        "type": "Point",
        "coordinates": [
          4.4584702,
          51.5403292
        ]
      },
      "id": "node/42966392"
    },
    {
      "type": "Feature",
      "properties": {
        "@id": "node/43044523",
        "name": "Tilburg Universiteit",
        "old_name:1969-2010": "Tilburg West",
        "public_transport": "station",
        "railway": "station",
        "railway:ref": "Tbu",
        "train": "yes",
        "wheelchair": "yes",
        "wikidata": "Q970524",
        "wikipedia": "nl:Station Tilburg Universiteit",
        "zone": "7300"
      },
      "geometry": {
        "type": "Point",
        "coordinates": [
          5.0516776,
          51.5652341
        ]
      },
      "id": "node/43044523"
    },
    {
      "type": "Feature",
      "properties": {
        "@id": "node/43124982",
        "name": "Gilze-Rijen",
        "public_transport": "station",
        "railway": "station",
        "railway:ref": "Gz",
        "source": "AND",
        "train": "yes",
        "wikidata": "Q2270556",
        "wikipedia": "nl:Station Gilze-Rijen",
        "zone": "7343"
      },
      "geometry": {
        "type": "Point",
        "coordinates": [
          4.9242259,
          51.5840224
        ]
      },
      "id": "node/43124982"
    },
    {
      "type": "Feature",
      "properties": {
        "@id": "node/43160670",
        "name": "Vierlingsbeek",
        "public_transport": "station",
        "railway": "station",
        "railway:ref": "Vlb",
        "train": "yes",
        "wheelchair": "yes",
        "wikidata": "Q2799890",
        "wikipedia": "nl:Station Vierlingsbeek",
        "zone": "6056"
      },
      "geometry": {
        "type": "Point",
        "coordinates": [
          5.9970961,
          51.5920221
        ]
      },
      "id": "node/43160670"
    },
    {
      "type": "Feature",
      "properties": {
        "@id": "node/43174364",
        "addr:city": "Breda",
        "addr:country": "NL",
        "addr:housenumber": "16",
        "addr:postcode": "4811BB",
        "addr:street": "Stationsplein",
        "iata": "QRZ",
        "level": "1",
        "name": "Breda",
        "operator": "NS Groep N.V.",
        "public_transport": "station",
        "railway": "station",
        "railway:ref": "Bd",
        "railway:ref:NMBS/SNCB": "XNBD",
        "source": "AND",
        "toilets:wheelchair": "yes",
        "train": "yes",
        "uic_ref": "8400131",
        "wheelchair": "yes",
        "wikidata": "Q800561",
        "wikipedia": "nl:Station Breda",
        "zone": "7200"
      },
      "geometry": {
        "type": "Point",
        "coordinates": [
          4.7800231,
          51.5951433
        ]
      },
      "id": "node/43174364"
    },
    {
      "type": "Feature",
      "properties": {
        "@id": "node/43346790",
        "name": "Boxmeer",
        "public_transport": "station",
        "railway": "station",
        "railway:ref": "Bmr",
        "source": "AND",
        "train": "yes",
        "wheelchair": "yes",
        "wikidata": "Q2660660",
        "wikipedia": "nl:Station Boxmeer",
        "zone": "6051"
      },
      "geometry": {
        "type": "Point",
        "coordinates": [
          5.9395217,
          51.6444304
        ]
      },
      "id": "node/43346790"
    },
    {
      "type": "Feature",
      "properties": {
        "@id": "node/43861273",
        "addr:city": "Ravenstein",
        "addr:country": "NL",
        "addr:housenumber": "122",
        "addr:postcode": "5371BB",
        "addr:street": "Stationssingel",
        "name": "Ravenstein",
        "public_transport": "station",
        "railway": "station",
        "railway:ref": "Rvs",
        "source": "BAG",
        "source:date": "2014-06-17",
        "train": "yes",
        "wikidata": "Q2788131",
        "wikipedia": "nl:Station Ravenstein",
        "zone": "6264"
      },
      "geometry": {
        "type": "Point",
        "coordinates": [
          5.6377036,
          51.7947915
        ]
      },
      "id": "node/43861273"
    },
    {
      "type": "Feature",
      "properties": {
        "@id": "node/44061300",
        "name": "Nijmegen",
        "public_transport": "station",
        "railway": "station",
        "railway:ref": "Nm",
        "train": "yes",
        "wheelchair": "yes",
        "wikidata": "Q801257",
        "wikimedia_commons": "Category:Station Nijmegen",
        "wikipedia": "nl:Station Nijmegen",
        "zone": "6000"
      },
      "geometry": {
        "type": "Point",
        "coordinates": [
          5.8530913,
          51.8431362
        ]
      },
      "id": "node/44061300"
    },
    {
      "type": "Feature",
      "properties": {
        "@id": "node/44386148",
        "name": "Elst",
        "public_transport": "station",
        "railway": "station",
        "railway:ref": "Est",
        "train": "yes",
        "wheelchair": "yes",
        "wikidata": "Q2413820",
        "wikipedia": "nl:Station Elst",
        "zone": "4120"
      },
      "geometry": {
        "type": "Point",
        "coordinates": [
          5.8549331,
          51.9172427
        ]
      },
      "id": "node/44386148"
    },
    {
      "type": "Feature",
      "properties": {
        "@id": "node/44396486",
        "name": "Zetten-Andelst",
        "public_transport": "station",
        "railway": "station",
        "railway:ref": "Za",
        "train": "yes",
        "wikidata": "Q2133804",
        "wikipedia": "nl:Station Zetten-Andelst",
        "zone": "6140"
      },
      "geometry": {
        "type": "Point",
        "coordinates": [
          5.7233591,
          51.9197801
        ]
      },
      "id": "node/44396486"
    },
    {
      "type": "Feature",
      "properties": {
        "@id": "node/44408869",
        "name": "Hemmen-Dodewaard",
        "public_transport": "station",
        "railway": "station",
        "railway:ref": "Hmn",
        "train": "yes",
        "wikidata": "Q18769871",
        "wikipedia": "nl:Station Hemmen-Dodewaard",
        "zone": "6150"
      },
      "geometry": {
        "type": "Point",
        "coordinates": [
          5.6736223,
          51.9224135
        ]
      },
      "id": "node/44408869"
    },
    {
      "type": "Feature",
      "properties": {
        "@id": "node/44412148",
        "name": "Zevenaar",
        "public_transport": "station",
        "railway": "station",
        "railway:ref": "Zv",
        "train": "yes",
        "uic_ref": "8400735",
        "wheelchair": "yes",
        "wikidata": "Q2191292",
        "wikipedia": "nl:Station Zevenaar",
        "zone": "4135"
      },
      "geometry": {
        "type": "Point",
        "coordinates": [
          6.0719818,
          51.9231973
        ]
      },
      "id": "node/44412148"
    },
    {
      "type": "Feature",
      "properties": {
        "@id": "node/44428365",
        "internet_access": "no",
        "name": "Opheusden",
        "public_transport": "station",
        "railway": "station",
        "railway:ref": "Op",
        "train": "yes",
        "wikidata": "Q2746973",
        "wikipedia": "nl:Station Opheusden",
        "zone": "6160"
      },
      "geometry": {
        "type": "Point",
        "coordinates": [
          5.6374111,
          51.9260391
        ]
      },
      "id": "node/44428365"
    },
    {
      "type": "Feature",
      "properties": {
        "@id": "node/44520232",
        "name": "Duiven",
        "public_transport": "station",
        "railway": "station",
        "railway:ref": "Dvn",
        "train": "yes",
        "uic_ref": "8400193",
        "wheelchair": "yes",
        "wikidata": "Q2330822",
        "wikipedia": "nl:Station Duiven",
        "zone": "4125"
      },
      "geometry": {
        "type": "Point",
        "coordinates": [
          6.0144531,
          51.9434452
        ]
      },
      "id": "node/44520232"
    },
    {
      "type": "Feature",
      "properties": {
        "@id": "node/44727803",
        "addr:city": "Arnhem",
        "addr:housenumber": "17",
        "addr:postcode": "6811MC",
        "addr:street": "Renssenstraat",
        "alt_name": "Station Arnhem;Station Arnhem Centraal;Arnhem Centraal Station",
        "entrance": "yes",
        "name": "Arnhem Centraal",
        "note": "Incheckpoortjes",
        "old_name:-2015-11-19": "Arnhem",
        "public_transport": "station",
        "railway": "station",
        "railway:ref": "Ah",
        "source": "BAG",
        "source:date": "2018-07-08",
        "start_date": "1845-05-14",
        "train": "yes",
        "uic_ref": "8400071",
        "wheelchair": "yes",
        "wikidata": "Q800399",
        "wikimedia_commons": "Category:Station Arnhem Centraal",
        "wikipedia": "nl:Station Arnhem Centraal",
        "zone": "4000"
      },
      "geometry": {
        "type": "Point",
        "coordinates": [
          5.9011598,
          51.9844332
        ]
      },
      "id": "node/44727803"
    },
    {
      "type": "Feature",
      "properties": {
        "@id": "node/44731315",
        "image": "https://commons.wikimedia.org/wiki/File:2019-02-28_Station_Arnhem_Velperpoort_zuidkant.jpg",
        "name": "Arnhem Velperpoort",
        "public_transport": "station",
        "railway": "station",
        "railway:ref": "Ahp",
        "train": "yes",
        "wheelchair": "yes",
        "wikidata": "Q4794759",
        "wikipedia": "nl:Station Arnhem Velperpoort",
        "zone": "4000"
      },
      "geometry": {
        "type": "Point",
        "coordinates": [
          5.9199033,
          51.9851244
        ]
      },
      "id": "node/44731315"
    },
    {
      "type": "Feature",
      "properties": {
        "@id": "node/44822867",
        "name": "Wolfheze",
        "public_transport": "station",
        "railway": "station",
        "railway:ref": "Wf",
        "train": "yes",
        "wikidata": "Q32848",
        "wikipedia": "nl:Station Wolfheze",
        "zone": "4021"
      },
      "geometry": {
        "type": "Point",
        "coordinates": [
          5.7923944,
          52.0056717
        ]
      },
      "id": "node/44822867"
    },
    {
      "type": "Feature",
      "properties": {
        "@id": "node/44920604",
        "name": "Ede-Wageningen",
        "public_transport": "station",
        "railway": "station",
        "railway:ref": "Ed",
        "train": "yes",
        "wheelchair": "yes",
        "wikidata": "Q388365",
        "wikipedia": "nl:Station Ede-Wageningen",
        "zone": "4051"
      },
      "geometry": {
        "type": "Point",
        "coordinates": [
          5.6741136,
          52.0274114
        ]
      },
      "id": "node/44920604"
    },
    {
      "type": "Feature",
      "properties": {
        "@id": "node/44922274",
        "name": "Veenendaal West",
        "public_transport": "station",
        "railway": "station",
        "railway:ref": "Vndw",
        "train": "yes",
        "wikidata": "Q2470710",
        "wikipedia": "nl:Station Veenendaal West",
        "zone": "4080"
      },
      "geometry": {
        "type": "Point",
        "coordinates": [
          5.5315679,
          52.0281017
        ]
      },
      "id": "node/44922274"
    },
    {
      "type": "Feature",
      "properties": {
        "@id": "node/45095869",
        "layer": "2",
        "name": "Utrecht Lunetten",
        "public_transport": "station",
        "railway": "station",
        "railway:ref": "Utln",
        "train": "yes",
        "wheelchair": "yes",
        "wikidata": "Q2987782",
        "wikipedia": "nl:Station Utrecht Lunetten",
        "zone": "5000"
      },
      "geometry": {
        "type": "Point",
        "coordinates": [
          5.1432619,
          52.0664082
        ]
      },
      "id": "node/45095869"
    },
    {
      "type": "Feature",
      "properties": {
        "@id": "node/45198301",
        "alt_name": "Utrecht Centraal Station",
        "drinking_water": "yes",
        "drinking_water:refill:self_service": "yes",
        "name": "Utrecht Centraal",
        "old_name:-2000-05-29": "Utrecht CS",
        "public_transport": "station",
        "railway": "station",
        "railway:ref": "Ut",
        "start_date": "1843-12-18",
        "toilets:wheelchair": "yes",
        "train": "yes",
        "uic_ref": "8400621",
        "wheelchair": "yes",
        "wikidata": "Q575655",
        "wikipedia": "nl:Station Utrecht Centraal",
        "zone": "5000"
      },
      "geometry": {
        "type": "Point",
        "coordinates": [
          5.109821,
          52.0893925
        ]
      },
      "id": "node/45198301"
    },
    {
      "type": "Feature",
      "properties": {
        "@id": "node/45204707",
        "name": "Brummen",
        "public_transport": "station",
        "railway": "station",
        "railway:ref": "Bmn",
        "train": "yes",
        "wikidata": "Q1882571",
        "wikipedia": "nl:Station Brummen",
        "zone": "4144"
      },
      "geometry": {
        "type": "Point",
        "coordinates": [
          6.147059,
          52.0907483
        ]
      },
      "id": "node/45204707"
    },
    {
      "type": "Feature",
      "properties": {
        "@id": "node/45243362",
        "name": "Utrecht Terwijde",
        "public_transport": "station",
        "railway": "station",
        "railway:ref": "Utt",
        "train": "yes",
        "wheelchair": "yes",
        "wikidata": "Q2303538",
        "wikipedia": "nl:Station Utrecht Terwijde",
        "zone": "5111"
      },
      "geometry": {
        "type": "Point",
        "coordinates": [
          5.0435521,
          52.1002155
        ]
      },
      "id": "node/45243362"
    },
    {
      "type": "Feature",
      "properties": {
        "@id": "node/45402645",
        "name": "Maarssen",
        "public_transport": "station",
        "railway": "station",
        "railway:ref": "Mas",
        "railway:ref:DB": "XNMS",
        "train": "yes",
        "wikidata": "Q2266645",
        "wikipedia": "nl:Station Maarssen",
        "zone": "5925"
      },
      "geometry": {
        "type": "Point",
        "coordinates": [
          5.0330252,
          52.135947
        ]
      },
      "id": "node/45402645"
    },
    {
      "type": "Feature",
      "properties": {
        "@id": "node/45489203",
        "alt_name": "Amersfoort Centraal Station",
        "name": "Amersfoort Centraal",
        "old_name:-2019-12-15": "Amersfoort",
        "public_transport": "station",
        "railway": "station",
        "railway:ref": "Amf",
        "start_date": "1901-08-01",
        "train": "yes",
        "uic_ref": "8400055",
        "wheelchair": "yes",
        "wikidata": "Q49854",
        "wikipedia": "nl:Station Amersfoort Centraal",
        "zone": "5042"
      },
      "geometry": {
        "type": "Point",
        "coordinates": [
          5.3740976,
          52.153898
        ]
      },
      "id": "node/45489203"
    },
    {
      "type": "Feature",
      "properties": {
        "@id": "node/45756882",
        "name": "Glanerbrug",
        "name:de": "Glanerbrücke",
        "name:nl": "Glanerbrug",
        "name:ru": "Гланербрюг",
        "operator": "ProRail",
        "public_transport": "station",
        "railway": "station",
        "railway:ref": "Gbr",
        "train": "yes",
        "uic_ref": "8400011",
        "wikidata": "Q2700255",
        "wikipedia": "nl:Station Glanerbrug",
        "zone": "4501"
      },
      "geometry": {
        "type": "Point",
        "coordinates": [
          6.9742518,
          52.218722
        ]
      },
      "id": "node/45756882"
    },
    {
      "type": "Feature",
      "properties": {
        "@id": "node/45836125",
        "addr:city": "Enschede",
        "addr:country": "NL",
        "addr:housenumber": "10",
        "addr:postcode": "7521PM",
        "addr:street": "Forum",
        "image": "https://api.railway-stations.org/photos/nl/8400221.jpg",
        "name": "Enschede Kennispark",
        "old_name": "Enschede Drienerlo",
        "public_transport": "station",
        "railway": "station",
        "railway:ref": "Esk",
        "ref": "Esk",
        "toilets:wheelchair": "no",
        "train": "yes",
        "wheelchair": "limited",
        "wikidata": "Q2678217",
        "wikipedia": "nl:Station Enschede Kennispark"
      },
      "geometry": {
        "type": "Point",
        "coordinates": [
          6.8387936,
          52.237419
        ]
      },
      "id": "node/45836125"
    },
    {
      "type": "Feature",
      "properties": {
        "@id": "node/45920072",
        "name": "Nieuw Vennep",
        "public_transport": "station",
        "railway": "station",
        "railway:ref": "Nvp",
        "train": "yes",
        "wikidata": "Q2470891",
        "wikipedia": "nl:Station Nieuw Vennep (Schiphollijn)",
        "zone": "5643"
      },
      "geometry": {
        "type": "Point",
        "coordinates": [
          4.6453582,
          52.2588593
        ]
      },
      "id": "node/45920072"
    },
    {
      "type": "Feature",
      "properties": {
        "@id": "node/45931397",
        "image": "https://api.railway-stations.org/photos/nl/8400316.jpg",
        "name": "Hengelo",
        "public_transport": "station",
        "railway": "station",
        "railway:ref": "Hgl",
        "train": "yes",
        "uic_ref": "8400316",
        "wikidata": "Q800910",
        "wikipedia": "nl:Station Hengelo"
      },
      "geometry": {
        "type": "Point",
        "coordinates": [
          6.7949086,
          52.2617754
        ]
      },
      "id": "node/45931397"
    },
    {
      "type": "Feature",
      "properties": {
        "@id": "node/45960709",
        "name": "Hengelo Oost",
        "public_transport": "station",
        "railway": "station",
        "railway:ref": "Hglo",
        "train": "yes",
        "uic_ref": "8400312",
        "wikidata": "Q5714271",
        "wikipedia": "nl:Station Hengelo Oost",
        "zone": "4511"
      },
      "geometry": {
        "type": "Point",
        "coordinates": [
          6.8197673,
          52.2690072
        ]
      },
      "id": "node/45960709"
    },
    {
      "type": "Feature",
      "properties": {
        "@id": "node/46108981",
        "name": "Oldenzaal",
        "public_transport": "station",
        "railway": "station",
        "railway:ref": "Odz",
        "ref": "2",
        "train": "yes",
        "uic_ref": "8400483",
        "wikidata": "Q599851",
        "wikipedia": "nl:Station Oldenzaal",
        "zone": "4524"
      },
      "geometry": {
        "type": "Point",
        "coordinates": [
          6.9340349,
          52.3062438
        ]
      },
      "id": "node/46108981"
    },
    {
      "type": "Feature",
      "properties": {
        "@id": "node/46122858",
        "name": "Schiphol Airport",
        "public_transport": "station",
        "railway": "station",
        "railway:ref": "Shl",
        "toilets:wheelchair": "yes",
        "train": "yes",
        "uic_ref": "8400561",
        "website": "https://www.ns.nl/en/station-information/shl/schiphol-airport",
        "wheelchair": "yes",
        "wikidata": "Q801410",
        "wikipedia": "nl:Station Schiphol Airport",
        "zone": "5733"
      },
      "geometry": {
        "type": "Point",
        "coordinates": [
          4.7621813,
          52.309523
        ]
      },
      "id": "node/46122858"
    },
    {
      "type": "Feature",
      "properties": {
        "@id": "node/46199966",
        "name": "Diemen Zuid",
        "network": "Hoofdrailnet Nederland;Amsterdamse metro",
        "network:subway": "Amsterdamse metro",
        "network:train": "Hoofdrailnet Nederland",
        "operator": "Nederlandse Spoorwegen;GVB",
        "operator:subway": "GVB",
        "operator:train": "Nederlandse Spoorwegen",
        "public_transport": "station",
        "railway": "station",
        "railway:ref": "Dmnz",
        "source": "AND",
        "start_date": "1977-10-14",
        "station": "train;subway",
        "subway": "yes",
        "train": "yes",
        "website": "https://9292.nl/en/station-diemen-zuid",
        "wheelchair": "no",
        "wikidata": "Q800664",
        "wikimedia_commons": "Category:Station Diemen Zuid",
        "wikipedia": "nl:Station Diemen Zuid",
        "zone": "5715"
      },
      "geometry": {
        "type": "Point",
        "coordinates": [
          4.9560598,
          52.3302613
        ]
      },
      "id": "node/46199966"
    },
    {
      "type": "Feature",
      "properties": {
        "@id": "node/46410951",
        "name": "Almere Parkwijk",
        "public_transport": "station",
        "railway": "station",
        "railway:ref": "Almp",
        "train": "yes",
        "wikidata": "Q800377",
        "wikipedia": "nl:Station Almere Parkwijk",
        "zone": "5865"
      },
      "geometry": {
        "type": "Point",
        "coordinates": [
          5.2447045,
          52.376736
        ]
      },
      "id": "node/46410951"
    },
    {
      "type": "Feature",
      "properties": {
        "@id": "node/46475255",
        "name": "Wijhe",
        "public_transport": "station",
        "railway": "station",
        "railway:ref": "Wh",
        "train": "yes",
        "wheelchair": "yes",
        "wikidata": "Q2520883",
        "wikipedia": "nl:Station Wijhe",
        "zone": "4783"
      },
      "geometry": {
        "type": "Point",
        "coordinates": [
          6.1410453,
          52.3909959
        ]
      },
      "id": "node/46475255"
    },
    {
      "type": "Feature",
      "properties": {
        "@id": "node/46487439",
        "name": "Almere Buiten",
        "public_transport": "station",
        "railway": "station",
        "railway:ref": "Almb",
        "train": "yes",
        "wheelchair": "yes",
        "wikidata": "Q800373",
        "wikipedia": "nl:Station Almere Buiten",
        "zone": "5875"
      },
      "geometry": {
        "type": "Point",
        "coordinates": [
          5.2779576,
          52.3941912
        ]
      },
      "id": "node/46487439"
    },
    {
      "type": "Feature",
      "properties": {
        "@id": "node/46792197",
        "name": "Lelystad Centrum",
        "public_transport": "station",
        "railway": "station",
        "railway:ref": "Lls",
        "source": "AND",
        "train": "yes",
        "wheelchair": "yes",
        "wikidata": "Q801084",
        "wikipedia": "nl:Station Lelystad Centrum",
        "zone": "4900"
      },
      "geometry": {
        "type": "Point",
        "coordinates": [
          5.4727185,
          52.5079328
        ]
      },
      "id": "node/46792197"
    },
    {
      "type": "Feature",
      "properties": {
        "@id": "node/47077880",
        "internet_access": "wlan",
        "internet_access:fee": "no",
        "internet_access:ssid": "KPN",
        "name": "Hoorn",
        "not:network:wikidata": "Q108718103",
        "operator": "Nederlandse Spoorwegen",
        "public_transport": "station",
        "railway": "station",
        "railway:ref": "Hn",
        "railway:ref:DB": "XNHOR",
        "toilets:wheelchair": "yes",
        "train": "yes",
        "wheelchair": "yes",
        "wikidata": "Q800935",
        "wikipedia": "nl:Station Hoorn",
        "zone": "3800"
      },
      "geometry": {
        "type": "Point",
        "coordinates": [
          5.0546461,
          52.6450893
        ]
      },
      "id": "node/47077880"
    },
    {
      "type": "Feature",
      "properties": {
        "@id": "node/47098594",
        "name": "Hoorn Kersenboogerd",
        "public_transport": "station",
        "railway": "station",
        "railway:ref": "Hnk",
        "railway:ref:DB": "XNHOK",
        "train": "yes",
        "wikidata": "Q2375196",
        "wikipedia": "nl:Station Hoorn Kersenboogerd",
        "zone": "3811"
      },
      "geometry": {
        "type": "Point",
        "coordinates": [
          5.0849124,
          52.6533353
        ]
      },
      "id": "node/47098594"
    },
    {
      "type": "Feature",
      "properties": {
        "@id": "node/47129352",
        "name": "Coevorden",
        "public_transport": "station",
        "railway": "station",
        "railway:ref": "Co",
        "train": "yes",
        "wheelchair": "yes",
        "wikidata": "Q2718628",
        "wikipedia": "nl:Station Coevorden",
        "zone": "1900"
      },
      "geometry": {
        "type": "Point",
        "coordinates": [
          6.7360253,
          52.6630362
        ]
      },
      "id": "node/47129352"
    },
    {
      "type": "Feature",
      "properties": {
        "@id": "node/47217829",
        "name": "Bovenkarspel-Grootebroek",
        "public_transport": "station",
        "railway": "station",
        "railway:ref": "Bkg",
        "railway:ref:DB": "XNBG",
        "train": "yes",
        "wikidata": "Q605481",
        "wikipedia": "nl:Station Bovenkarspel-Grootebroek",
        "zone": "3840"
      },
      "geometry": {
        "type": "Point",
        "coordinates": [
          5.2363181,
          52.6950724
        ]
      },
      "id": "node/47217829"
    },
    {
      "type": "Feature",
      "properties": {
        "@id": "node/47229891",
        "name": "Enkhuizen",
        "public_transport": "station",
        "railway": "station",
        "railway:ref": "Ekz",
        "railway:ref:DB": "XNEK",
        "train": "yes",
        "wheelchair": "yes",
        "wikidata": "Q800732",
        "wikipedia": "nl:Station Enkhuizen",
        "zone": "3850"
      },
      "geometry": {
        "type": "Point",
        "coordinates": [
          5.287993,
          52.69956
        ]
      },
      "id": "node/47229891"
    },
    {
      "type": "Feature",
      "properties": {
        "@id": "node/47670218",
        "name": "Den Helder",
        "public_transport": "station",
        "railway": "station",
        "railway:ref": "Hdr",
        "train": "yes",
        "wheelchair": "yes",
        "wikidata": "Q800655",
        "wikipedia": "nl:Station Den Helder",
        "zone": "3400"
      },
      "geometry": {
        "type": "Point",
        "coordinates": [
          4.7606663,
          52.9568469
        ]
      },
      "id": "node/47670218"
    },
    {
      "type": "Feature",
      "properties": {
        "@id": "node/48162487",
        "name": "Leeuwarden",
        "public_transport": "station",
        "railway": "station",
        "railway:ref": "Lw",
        "toilets:wheelchair": "yes",
        "train": "yes",
        "wheelchair": "yes",
        "wikidata": "Q17944",
        "wikipedia": "nl:Station Leeuwarden",
        "zone": "2000"
      },
      "geometry": {
        "type": "Point",
        "coordinates": [
          5.7929849,
          53.1964772
        ]
      },
      "id": "node/48162487"
    },
    {
      "type": "Feature",
      "properties": {
        "@id": "node/48387592",
        "name": "Appingedam",
        "public_transport": "station",
        "railway": "station",
        "railway:ref": "Apg",
        "train": "yes",
        "wheelchair": "yes",
        "wikidata": "Q970342",
        "wikipedia": "nl:Station Appingedam",
        "zone": "1050"
      },
      "geometry": {
        "type": "Point",
        "coordinates": [
          6.862006,
          53.3257678
        ]
      },
      "id": "node/48387592"
    },
    {
      "type": "Feature",
      "properties": {
        "@id": "node/230040193",
        "name": "Tiel Passewaaij",
        "public_transport": "station",
        "railway": "station",
        "railway:ref": "Tpsw",
        "train": "yes",
        "wikidata": "Q2746253",
        "wikipedia": "nl:Station Tiel Passewaaij",
        "zone": "6131"
      },
      "geometry": {
        "type": "Point",
        "coordinates": [
          5.3918894,
          51.8736724
        ]
      },
      "id": "node/230040193"
    },
    {
      "type": "Feature",
      "properties": {
        "@id": "node/232079045",
        "name": "Vleuten",
        "public_transport": "station",
        "railway": "station",
        "railway:ref": "Vtn",
        "train": "yes",
        "wheelchair": "yes",
        "wikidata": "Q2222369",
        "wikipedia": "nl:Station Vleuten"
      },
      "geometry": {
        "type": "Point",
        "coordinates": [
          5.0076189,
          52.1029729
        ]
      },
      "id": "node/232079045"
    },
    {
      "type": "Feature",
      "properties": {
        "@id": "node/250233810",
        "loc_name": "Holendrecht",
        "name": "Amsterdam Holendrecht",
        "network": "Hoofdrailnet Nederland;Amsterdamse metro",
        "network:subway": "Amsterdamse metro",
        "network:train": "Hoofdrailnet Nederland",
        "operator": "Nederlandse Spoorwegen;GVB",
        "operator:subway": "GVB",
        "operator:train": "Nederlandse Spoorwegen",
        "public_transport": "station",
        "railway": "station",
        "railway:ref": "Ashd",
        "start_date": "1977-10-14",
        "start_date:train": "2008-12-14",
        "station": "train;subway",
        "subway": "yes",
        "train": "yes",
        "wheelchair": "yes",
        "wikidata": "Q800381",
        "wikimedia_commons": "Category:Station Amsterdam Holendrecht",
        "wikipedia": "nl:Station Amsterdam Holendrecht",
        "zone": "5725"
      },
      "geometry": {
        "type": "Point",
        "coordinates": [
          4.9601712,
          52.2979886
        ]
      },
      "id": "node/250233810"
    },
    {
      "type": "Feature",
      "properties": {
        "@id": "node/320494336",
        "name": "Arnhem Zuid",
        "public_transport": "station",
        "railway": "station",
        "railway:ref": "Ahz",
        "train": "yes",
        "wikidata": "Q2527357",
        "wikipedia": "nl:Station Arnhem Zuid",
        "zone": "4001"
      },
      "geometry": {
        "type": "Point",
        "coordinates": [
          5.8519491,
          51.9544945
        ]
      },
      "id": "node/320494336"
    },
    {
      "type": "Feature",
      "properties": {
        "@id": "node/560140743",
        "name": "Tiel",
        "public_transport": "station",
        "railway": "station",
        "railway:ref": "Tl",
        "train": "yes",
        "wheelchair": "yes",
        "wikidata": "Q3097879",
        "wikipedia": "nl:Station Tiel",
        "zone": "6141"
      },
      "geometry": {
        "type": "Point",
        "coordinates": [
          5.4232131,
          51.8896753
        ]
      },
      "id": "node/560140743"
    },
    {
      "type": "Feature",
      "properties": {
        "@id": "node/563874508",
        "name": "Almere Oostvaarders",
        "public_transport": "station",
        "railway": "station",
        "railway:ref": "Almo",
        "train": "yes",
        "wikidata": "Q510622",
        "wikipedia": "nl:Station Almere Oostvaarders",
        "zone": "5875"
      },
      "geometry": {
        "type": "Point",
        "coordinates": [
          5.3006021,
          52.4032804
        ]
      },
      "id": "node/563874508"
    },
    {
      "type": "Feature",
      "properties": {
        "@id": "node/564177425",
        "name": "Wijchen",
        "public_transport": "station",
        "railway": "station",
        "railway:ref": "Wc",
        "train": "yes",
        "wikidata": "Q1931309",
        "wikipedia": "nl:Station Wijchen",
        "zone": "6124"
      },
      "geometry": {
        "type": "Point",
        "coordinates": [
          5.7297547,
          51.8112191
        ]
      },
      "id": "node/564177425"
    },
    {
      "type": "Feature",
      "properties": {
        "@id": "node/635300176",
        "layer": "2",
        "name": "Dronten",
        "operator": "ProRail",
        "public_transport": "station",
        "railway": "station",
        "railway:ref": "Dron",
        "train": "yes",
        "wheelchair": "yes",
        "wikidata": "Q2271938",
        "wikipedia": "nl:Station Dronten"
      },
      "geometry": {
        "type": "Point",
        "coordinates": [
          5.7215719,
          52.5343316
        ]
      },
      "id": "node/635300176"
    },
    {
      "type": "Feature",
      "properties": {
        "@id": "node/693085424",
        "addr:city": "Geldrop",
        "addr:housenumber": "22",
        "addr:postcode": "5664AD",
        "addr:street": "Parallelweg",
        "name": "Geldrop",
        "public_transport": "station",
        "railway": "station",
        "railway:ref": "Gp",
        "source": "BAG",
        "source:date": "2014-05-20",
        "train": "yes",
        "wikidata": "Q2685303",
        "wikipedia": "nl:Station Geldrop"
      },
      "geometry": {
        "type": "Point",
        "coordinates": [
          5.5502017,
          51.420289
        ]
      },
      "id": "node/693085424"
    },
    {
      "type": "Feature",
      "properties": {
        "@id": "node/1027174221",
        "name": "Rosmalen",
        "public_transport": "station",
        "railway": "station",
        "railway:ref": "Rs",
        "source": "AND",
        "train": "yes",
        "wheelchair": "yes",
        "wikidata": "Q608962",
        "wikipedia": "nl:Station Rosmalen",
        "zone": "6314"
      },
      "geometry": {
        "type": "Point",
        "coordinates": [
          5.369582,
          51.7151523
        ]
      },
      "id": "node/1027174221"
    },
    {
      "type": "Feature",
      "properties": {
        "@id": "node/1112410297",
        "loc_name": "Hoofdstation",
        "name": "Groningen",
        "official_name": "Groningen",
        "operator": "ProRail",
        "public_transport": "station",
        "railway": "station",
        "railway:ref": "Gn",
        "train": "yes",
        "wheelchair": "yes",
        "wikidata": "Q17937",
        "wikipedia": "nl:Station Groningen",
        "zone": "1000"
      },
      "geometry": {
        "type": "Point",
        "coordinates": [
          6.5641028,
          53.2109237
        ]
      },
      "id": "node/1112410297"
    },
    {
      "type": "Feature",
      "properties": {
        "@id": "node/1233812055",
        "name": "Utrecht Vaartsche Rijn",
        "public_transport": "station",
        "railway": "station",
        "railway:ref": "Utvr",
        "train": "yes",
        "wheelchair": "yes",
        "wikidata": "Q3397831",
        "wikipedia": "nl:Station Utrecht Vaartsche Rijn"
      },
      "geometry": {
        "type": "Point",
        "coordinates": [
          5.1218783,
          52.0787573
        ]
      },
      "id": "node/1233812055"
    },
    {
      "type": "Feature",
      "properties": {
        "@id": "node/1268704948",
        "name": "Houten Castellum",
        "public_transport": "station",
        "railway": "station",
        "railway:ref": "Htnc",
        "train": "yes",
        "wheelchair": "yes",
        "wikidata": "Q1914597",
        "wikipedia": "nl:Station Houten Castellum"
      },
      "geometry": {
        "type": "Point",
        "coordinates": [
          5.1794728,
          52.0168609
        ]
      },
      "id": "node/1268704948"
    },
    {
      "type": "Feature",
      "properties": {
        "@id": "node/1506143976",
        "name": "Heerlen",
        "outdoor_seating": "no",
        "public_transport": "station",
        "railway": "station",
        "railway:ref": "Hrl",
        "railway:ref:DB": "XNH",
        "train": "yes",
        "uic_ref": "8400307",
        "website": "https://9292.nl/en/station-heerlen",
        "wheelchair": "yes",
        "wikidata": "Q800901",
        "wikimedia_commons": "Category:Station Heerlen",
        "wikipedia": "nl:Station Heerlen"
      },
      "geometry": {
        "type": "Point",
        "coordinates": [
          5.9751061,
          50.8908484
        ]
      },
      "id": "node/1506143976"
    },
    {
      "type": "Feature",
      "properties": {
        "@id": "node/1506495806",
        "name": "Susteren",
        "public_transport": "station",
        "railway": "station",
        "railway:ref": "Srn",
        "train": "yes",
        "wheelchair": "yes",
        "wikidata": "Q2188994",
        "wikipedia": "nl:Station Susteren"
      },
      "geometry": {
        "type": "Point",
        "coordinates": [
          5.8629282,
          51.0609667
        ]
      },
      "id": "node/1506495806"
    },
    {
      "type": "Feature",
      "properties": {
        "@id": "node/1543214128",
        "name": "Westervoort",
        "platforms": "2",
        "public_transport": "station",
        "railway": "station",
        "railway:ref": "Wtv",
        "train": "yes",
        "wikidata": "Q7988596",
        "wikipedia": "nl:Station Westervoort"
      },
      "geometry": {
        "type": "Point",
        "coordinates": [
          5.9692518,
          51.9629903
        ]
      },
      "id": "node/1543214128"
    },
    {
      "type": "Feature",
      "properties": {
        "@id": "node/1563570846",
        "name": "Sassenheim",
        "public_transport": "station",
        "railway": "station",
        "railway:ref": "Ssh",
        "train": "yes",
        "wheelchair": "yes",
        "wikidata": "Q2186815",
        "wikipedia": "nl:Station Sassenheim"
      },
      "geometry": {
        "type": "Point",
        "coordinates": [
          4.5169358,
          52.2152104
        ]
      },
      "id": "node/1563570846"
    },
    {
      "type": "Feature",
      "properties": {
        "@id": "node/1583408417",
        "name": "Enschede De Eschmarke",
        "operator": "ProRail",
        "public_transport": "station",
        "railway": "station",
        "railway:ref": "Ese",
        "source": "https://github.com/trainline-eu/stations",
        "train": "yes",
        "uic_ref": "8400217",
        "wheelchair": "yes",
        "wikidata": "Q2179968",
        "wikipedia": "nl:Station Enschede De Eschmarke",
        "zone": "4501"
      },
      "geometry": {
        "type": "Point",
        "coordinates": [
          6.9514664,
          52.2212722
        ]
      },
      "id": "node/1583408417"
    },
    {
      "type": "Feature",
      "properties": {
        "@id": "node/1633149045",
        "name": "Halfweg-Zwanenburg",
        "operator": "Nederlandse Spoorwegen",
        "platforms": "2",
        "public_transport": "station",
        "railway": "station",
        "railway:ref": "Hwzb",
        "start_date": "2012-12-09",
        "train": "yes",
        "wheelchair": "yes",
        "wikidata": "Q2272349",
        "wikipedia": "nl:Station Halfweg-Zwanenburg"
      },
      "geometry": {
        "type": "Point",
        "coordinates": [
          4.7468736,
          52.3859763
        ]
      },
      "id": "node/1633149045"
    },
    {
      "type": "Feature",
      "properties": {
        "@id": "node/1673444987",
        "alt_name": "Spoorwegmuseum",
        "name": "Utrecht Maliebaan",
        "operator": "NS",
        "public_transport": "station",
        "railway": "station",
        "railway:ref": "Utm",
        "toilets:wheelchair": "yes",
        "train": "yes",
        "wheelchair": "yes",
        "wikidata": "Q2632448",
        "wikimedia_commons": "Category:Station Utrecht Maliebaan",
        "wikipedia": "nl:Station Utrecht Maliebaan"
      },
      "geometry": {
        "type": "Point",
        "coordinates": [
          5.1311656,
          52.0879425
        ]
      },
      "id": "node/1673444987"
    },
    {
      "type": "Feature",
      "properties": {
        "@id": "node/1962328712",
        "name": "Alphen aan den Rijn",
        "operator": "Nederlandse Spoorwegen",
        "platforms": "3",
        "public_transport": "station",
        "railway": "station",
        "railway:ref": "Apn",
        "train": "yes",
        "wheelchair": "yes",
        "wikidata": "Q474716",
        "wikipedia": "nl:Station Alphen a/d Rijn"
      },
      "geometry": {
        "type": "Point",
        "coordinates": [
          4.6571053,
          52.1248061
        ]
      },
      "id": "node/1962328712"
    },
    {
      "type": "Feature",
      "properties": {
        "@id": "node/2028453341",
        "name": "Schinnen",
        "public_transport": "station",
        "railway": "station",
        "railway:ref": "Sn",
        "source": "AND",
        "train": "yes",
        "wheelchair": "yes",
        "wikidata": "Q2399023",
        "wikimedia_commons": "Category:Station Schinnen",
        "wikipedia": "nl:Station Schinnen",
        "zone": "6711"
      },
      "geometry": {
        "type": "Point",
        "coordinates": [
          5.8745796,
          50.9390309
        ]
      },
      "id": "node/2028453341"
    },
    {
      "type": "Feature",
      "properties": {
        "@id": "node/2132785146",
        "name": "Almere Poort",
        "operator": "NS",
        "platforms": "2",
        "public_transport": "station",
        "railway": "station",
        "railway:ref": "Ampo",
        "train": "yes",
        "wheelchair": "yes",
        "wikidata": "Q1962194",
        "wikipedia": "nl:Station Almere Poort"
      },
      "geometry": {
        "type": "Point",
        "coordinates": [
          5.1522517,
          52.3429466
        ]
      },
      "id": "node/2132785146"
    },
    {
      "type": "Feature",
      "properties": {
        "@id": "node/2195515087",
        "name": "Kerkrade ZLSM",
        "name:de": "Kirchrath ZLSM",
        "operator": "Zuid-Limburgse Stoomtrein Maatschappij",
        "public_transport": "station",
        "railway": "station",
        "railway:ref": "Krd",
        "train": "yes",
        "wikidata": "Q2462184",
        "wikimedia_commons": "Category:Station Kerkrade Centrum",
        "wikipedia": "nl:Station Kerkrade Centrum"
      },
      "geometry": {
        "type": "Point",
        "coordinates": [
          6.0566467,
          50.8590632
        ]
      },
      "id": "node/2195515087"
    },
    {
      "type": "Feature",
      "properties": {
        "@id": "node/2235176450",
        "name": "Beekbergen",
        "operator": "Veluwsche Stoomtrein Maatschappij",
        "public_transport": "station",
        "railway": "station",
        "railway:ref": "Bbg",
        "train": "yes",
        "wikidata": "Q5918620",
        "wikipedia": "nl:Station Beekbergen"
      },
      "geometry": {
        "type": "Point",
        "coordinates": [
          5.9866783,
          52.1599795
        ]
      },
      "id": "node/2235176450"
    },
    {
      "type": "Feature",
      "properties": {
        "@id": "node/2235179252",
        "name": "Loenen",
        "operator": "Veluwsche Stoomtrein Maatschappij",
        "public_transport": "station",
        "railway": "station",
        "railway:ref": "Lnn",
        "train": "yes",
        "wikidata": "Q1813155",
        "wikipedia": "nl:Station Loenen"
      },
      "geometry": {
        "type": "Point",
        "coordinates": [
          6.0293573,
          52.1293679
        ]
      },
      "id": "node/2235179252"
    },
    {
      "type": "Feature",
      "properties": {
        "@id": "node/2235186029",
        "addr:city": "Apeldoorn",
        "addr:housenumber": "8",
        "addr:postcode": "7311NZ",
        "addr:street": "Stationsplein",
        "name": "Apeldoorn",
        "operator": "Veluwsche Stoomtrein Maatschappij",
        "public_transport": "station",
        "railway": "station",
        "railway:ref": "Apd",
        "train": "yes",
        "wikidata": "Q800395",
        "wikipedia": "nl:Station Apeldoorn"
      },
      "geometry": {
        "type": "Point",
        "coordinates": [
          5.9697859,
          52.2089862
        ]
      },
      "id": "node/2235186029"
    },
    {
      "type": "Feature",
      "properties": {
        "@id": "node/2336169715",
        "name": "Tilburg Reeshof",
        "public_transport": "station",
        "railway": "station",
        "railway:ref": "Tbr",
        "train": "yes",
        "wheelchair": "yes",
        "wikidata": "Q2693229",
        "wikipedia": "nl:Station Tilburg Reeshof"
      },
      "geometry": {
        "type": "Point",
        "coordinates": [
          4.9934935,
          51.573665
        ]
      },
      "id": "node/2336169715"
    },
    {
      "type": "Feature",
      "properties": {
        "@id": "node/2370354641",
        "name": "Kwadendamme",
        "operator": "Stoomtrein Goes - Borsele",
        "public_transport": "station",
        "railway": "station",
        "railway:ref": "Kdm",
        "train": "yes",
        "website": "https://www.destoomtrein.nl/",
        "wikidata": "Q2192565",
        "wikipedia": "nl:Station Kwadendamme"
      },
      "geometry": {
        "type": "Point",
        "coordinates": [
          3.8891869,
          51.4409246
        ]
      },
      "id": "node/2370354641"
    },
    {
      "type": "Feature",
      "properties": {
        "@id": "node/2370920923",
        "name": "Hoedekenskerke",
        "operator": "Stoomtrein Goes - Borsele",
        "public_transport": "station",
        "railway": "station",
        "railway:ref": "Hkk",
        "train": "yes",
        "wikidata": "Q2654663",
        "wikipedia": "nl:Station Hoedekenskerke"
      },
      "geometry": {
        "type": "Point",
        "coordinates": [
          3.9137769,
          51.4206086
        ]
      },
      "id": "node/2370920923"
    },
    {
      "type": "Feature",
      "properties": {
        "@id": "node/2636314220",
        "addr:city": "Barneveld",
        "addr:housenumber": "4",
        "addr:postcode": "3771ES",
        "addr:street": "Stationsplein",
        "name": "Barneveld Centrum",
        "public_transport": "station",
        "railway": "station",
        "railway:ref": "Bnc",
        "source": "BAG",
        "source:date": "2014-01-22",
        "train": "yes",
        "wikidata": "Q1852535",
        "wikipedia": "nl:Station Barneveld Centrum"
      },
      "geometry": {
        "type": "Point",
        "coordinates": [
          5.5897695,
          52.1404556
        ]
      },
      "id": "node/2636314220"
    },
    {
      "type": "Feature",
      "properties": {
        "@id": "node/2641332941",
        "name": "Dieren",
        "operator": "Veluwsche Stoomtrein Maatschappij",
        "public_transport": "station",
        "railway": "station",
        "railway:ref": "Dr",
        "train": "yes",
        "wikidata": "Q2043036",
        "wikimedia_commons": "Category:Station Dieren",
        "wikipedia": "nl:Station Dieren"
      },
      "geometry": {
        "type": "Point",
        "coordinates": [
          6.1033427,
          52.0454027
        ]
      },
      "id": "node/2641332941"
    },
    {
      "type": "Feature",
      "properties": {
        "@id": "node/2746493059",
        "addr:city": "Anna Paulowna",
        "addr:country": "NL",
        "addr:housenumber": "18",
        "addr:postcode": "1761EB",
        "addr:street": "Stationsweg",
        "name": "Anna Paulowna",
        "public_transport": "station",
        "railway": "station",
        "railway:ref": "Ana",
        "train": "yes",
        "wheelchair": "yes",
        "wikidata": "Q2198127",
        "wikipedia": "nl:Station Anna Paulowna",
        "zone": "3438"
      },
      "geometry": {
        "type": "Point",
        "coordinates": [
          4.811522,
          52.867721
        ]
      },
      "id": "node/2746493059"
    },
    {
      "type": "Feature",
      "properties": {
        "@id": "node/2757269573",
        "addr:city": "Lievelde",
        "addr:country": "NL",
        "addr:housenumber": "5",
        "addr:postcode": "7137MX",
        "addr:street": "Stationsstraat",
        "name": "Lichtenvoorde-Groenlo",
        "public_transport": "station",
        "railway": "station",
        "railway:ref": "Ltv",
        "source": "BAG",
        "source:date": "2014-03-24",
        "train": "yes",
        "wikidata": "Q3096310",
        "wikipedia": "nl:Station Lichtenvoorde-Groenlo",
        "zone": "4470"
      },
      "geometry": {
        "type": "Point",
        "coordinates": [
          6.5960921,
          52.0120311
        ]
      },
      "id": "node/2757269573"
    },
    {
      "type": "Feature",
      "properties": {
        "@id": "node/2772763488",
        "addr:city": "Vught",
        "addr:housenumber": "30",
        "addr:postcode": "5261VB",
        "addr:street": "Stationsstraat",
        "name": "Vught",
        "public_transport": "station",
        "railway": "station",
        "railway:ref": "Vg",
        "source": "BAG",
        "source:date": "2014-03-24",
        "train": "yes",
        "wikidata": "Q1893367",
        "wikipedia": "nl:Station Vught",
        "zone": "6211"
      },
      "geometry": {
        "type": "Point",
        "coordinates": [
          5.2921497,
          51.6556224
        ]
      },
      "id": "node/2772763488"
    },
    {
      "type": "Feature",
      "properties": {
        "@id": "node/2786292541",
        "addr:city": "Gorinchem",
        "addr:housenumber": "15",
        "addr:postcode": "4205AA",
        "addr:street": "Stationsweg",
        "name": "Gorinchem",
        "public_transport": "station",
        "railway": "station",
        "railway:ref": "Gr",
        "source": "BAG",
        "source:date": "2014-03-24",
        "train": "yes",
        "wheelchair": "yes",
        "wikidata": "Q125098",
        "wikipedia": "nl:Station Gorinchem",
        "zone": "5175"
      },
      "geometry": {
        "type": "Point",
        "coordinates": [
          4.9674612,
          51.8335723
        ]
      },
      "id": "node/2786292541"
    },
    {
      "type": "Feature",
      "properties": {
        "@id": "node/2803572197",
        "addr:city": "Hoogkarspel",
        "addr:housenumber": "14",
        "addr:postcode": "1616CM",
        "addr:street": "Stationslaan",
        "name": "Hoogkarspel",
        "public_transport": "station",
        "railway": "station",
        "railway:ref": "Hks",
        "railway:ref:DB": "XNHGK",
        "train": "yes",
        "wikidata": "Q2566825",
        "wikipedia": "nl:Station Hoogkarspel",
        "zone": "3835"
      },
      "geometry": {
        "type": "Point",
        "coordinates": [
          5.1825103,
          52.690467
        ]
      },
      "id": "node/2803572197"
    },
    {
      "type": "Feature",
      "properties": {
        "@id": "node/2812863011",
        "addr:city": "Haren Gn",
        "addr:housenumber": "1",
        "addr:postcode": "9751SX",
        "addr:street": "Stationsplein",
        "name": "Haren",
        "public_transport": "station",
        "railway": "station",
        "railway:ref": "Hrn",
        "source": "BAG",
        "source:date": "2014-03-24",
        "train": "yes",
        "wheelchair": "yes",
        "wikidata": "Q47317",
        "wikipedia": "nl:Station Haren (Nederland)"
      },
      "geometry": {
        "type": "Point",
        "coordinates": [
          6.6180871,
          53.174863
        ]
      },
      "id": "node/2812863011"
    },
    {
      "type": "Feature",
      "properties": {
        "@id": "node/2815620698",
        "addr:city": "Valkenburg",
        "addr:housenumber": "10",
        "addr:postcode": "6301EZ",
        "addr:street": "Stationsstraat",
        "name": "Valkenburg",
        "name:de": "Falkenburg",
        "name:nl": "Valkenburg",
        "operator": "ProRail;Arriva Personenvervoer Nederland",
        "operator:wikidata": "Q2316882;Q2581356",
        "public_transport": "station",
        "railway": "station",
        "railway:ref": "Vk",
        "source": "BAG",
        "source:date": "2014-03-24",
        "station": "train",
        "train": "yes",
        "uic_ref": "8400632",
        "wheelchair": "yes",
        "wikidata": "Q2066241",
        "wikimedia_commons": "Category:Station Valkenburg",
        "wikipedia": "nl:Station Valkenburg",
        "zone": "6632"
      },
      "geometry": {
        "type": "Point",
        "coordinates": [
          5.8328817,
          50.8692901
        ]
      },
      "id": "node/2815620698"
    },
    {
      "type": "Feature",
      "properties": {
        "@id": "node/2854696578",
        "addr:city": "Harderwijk",
        "addr:housenumber": "1",
        "addr:postcode": "3844KR",
        "addr:street": "Stationsplein",
        "name": "Harderwijk",
        "public_transport": "station",
        "railway": "station",
        "railway:ref": "Hd",
        "source": "BAG",
        "source:date": "2014-05-07",
        "train": "yes",
        "wheelchair": "yes",
        "wikidata": "Q1951271",
        "wikipedia": "nl:Station Harderwijk"
      },
      "geometry": {
        "type": "Point",
        "coordinates": [
          5.6199961,
          52.3377999
        ]
      },
      "id": "node/2854696578"
    },
    {
      "type": "Feature",
      "properties": {
        "@id": "node/2891601965",
        "addr:city": "Ermelo",
        "addr:housenumber": "9",
        "addr:postcode": "3851JA",
        "addr:street": "Dokter van Dalelaan",
        "internet_access": "wlan",
        "internet_access:fee": "no",
        "internet_access:ssid": "WifiInErmelo",
        "name": "Ermelo",
        "public_transport": "station",
        "railway": "station",
        "railway:ref": "Eml",
        "source": "BAG",
        "source:date": "2014-05-31",
        "train": "yes",
        "wheelchair": "yes",
        "wikidata": "Q2453345",
        "wikipedia": "nl:Station Ermelo"
      },
      "geometry": {
        "type": "Point",
        "coordinates": [
          5.6144134,
          52.3011045
        ]
      },
      "id": "node/2891601965"
    },
    {
      "type": "Feature",
      "properties": {
        "@id": "node/2901800432",
        "addr:city": "Helmond",
        "addr:housenumber": "1",
        "addr:postcode": "5707KX",
        "addr:street": "Mr. Stikkerplein",
        "name": "Helmond 't Hout",
        "public_transport": "station",
        "railway": "station",
        "railway:ref": "Hmh",
        "source": "BAG",
        "source:date": "2014-06-05",
        "train": "yes",
        "wikidata": "Q2570647",
        "wikipedia": "nl:Station Helmond 't Hout"
      },
      "geometry": {
        "type": "Point",
        "coordinates": [
          5.6312015,
          51.4681099
        ]
      },
      "id": "node/2901800432"
    },
    {
      "type": "Feature",
      "properties": {
        "@id": "node/2902677221",
        "name": "Eerbeek",
        "operator": "Veluwsche Stoomtrein Maatschappij",
        "public_transport": "station",
        "railway": "station",
        "railway:ref": "Ebk",
        "source": "http://www.stoomtrein.org",
        "train": "yes",
        "website": "https://www.stoomtrein.org",
        "wikidata": "Q2681641",
        "wikipedia": "nl:Station Eerbeek"
      },
      "geometry": {
        "type": "Point",
        "coordinates": [
          6.0662863,
          52.1027606
        ]
      },
      "id": "node/2902677221"
    },
    {
      "type": "Feature",
      "properties": {
        "@id": "node/2902916310",
        "addr:city": "Helmond",
        "addr:housenumber": "1",
        "addr:postcode": "5701PE",
        "addr:street": "Stationsplein",
        "name": "Helmond",
        "public_transport": "station",
        "railway": "station",
        "railway:ref": "Hm",
        "source": "BAG",
        "source:date": "2014-06-06",
        "train": "yes",
        "wikidata": "Q2581822",
        "wikipedia": "nl:Station Helmond",
        "zone": "6531"
      },
      "geometry": {
        "type": "Point",
        "coordinates": [
          5.6616714,
          51.4755665
        ]
      },
      "id": "node/2902916310"
    },
    {
      "type": "Feature",
      "properties": {
        "@id": "node/2930102252",
        "addr:city": "Oss",
        "addr:housenumber": "139",
        "addr:postcode": "5345WZ",
        "addr:street": "Braakstraat",
        "name": "Oss West",
        "public_transport": "station",
        "railway": "station",
        "railway:ref": "Ow",
        "source": "BAG",
        "source:date": "2014-06-23",
        "train": "yes",
        "website": "https://www.ns.nl/stationsinformatie/Ow/oss-west",
        "wheelchair": "yes",
        "wikidata": "Q2791277",
        "wikipedia": "nl:Station Oss West",
        "zone": "6244"
      },
      "geometry": {
        "type": "Point",
        "coordinates": [
          5.5069444,
          51.7584414
        ]
      },
      "id": "node/2930102252"
    },
    {
      "type": "Feature",
      "properties": {
        "@id": "node/2983733524",
        "name": "Houten",
        "public_transport": "station",
        "railway": "station",
        "railway:ref": "Htn",
        "toilets": "yes",
        "train": "yes",
        "wheelchair": "yes",
        "wikidata": "Q800938",
        "wikimedia_commons": "Category:Station Houten",
        "wikipedia": "nl:Station Houten",
        "zone": "5128"
      },
      "geometry": {
        "type": "Point",
        "coordinates": [
          5.1681345,
          52.0340078
        ]
      },
      "id": "node/2983733524"
    },
    {
      "type": "Feature",
      "properties": {
        "@id": "node/3093842602",
        "name": "Etten-Leur",
        "public_transport": "station",
        "railway": "station",
        "railway:ref": "Etn",
        "train": "yes",
        "wheelchair": "yes",
        "wikidata": "Q800746",
        "wikipedia": "nl:Station Etten-Leur"
      },
      "geometry": {
        "type": "Point",
        "coordinates": [
          4.6364804,
          51.5752127
        ]
      },
      "id": "node/3093842602"
    },
    {
      "type": "Feature",
      "properties": {
        "@id": "node/3105151948",
        "name": "Utrecht Zuilen",
        "public_transport": "station",
        "railway": "station",
        "railway:ref": "Utzl",
        "toilets:wheelchair": "no",
        "train": "yes",
        "wheelchair": "yes",
        "wikidata": "Q656925",
        "wikipedia": "nl:Station Utrecht Zuilen",
        "zone": "5000"
      },
      "geometry": {
        "type": "Point",
        "coordinates": [
          5.0893544,
          52.1032324
        ]
      },
      "id": "node/3105151948"
    },
    {
      "type": "Feature",
      "properties": {
        "@id": "node/3234513661",
        "name": "Nijmegen Goffert",
        "platforms": "2",
        "public_transport": "station",
        "railway": "station",
        "railway:ref": "Nmgo",
        "train": "yes",
        "wheelchair": "yes",
        "wikidata": "Q2282156",
        "wikimedia_commons": "Category:Station Nijmegen Goffert",
        "wikipedia": "nl:Station Nijmegen Goffert"
      },
      "geometry": {
        "type": "Point",
        "coordinates": [
          5.8224752,
          51.8272972
        ]
      },
      "id": "node/3234513661"
    },
    {
      "type": "Feature",
      "properties": {
        "@id": "node/3293165266",
        "name": "Nuth",
        "public_transport": "station",
        "railway": "station",
        "railway:ref": "Nh",
        "source": "AND",
        "train": "yes",
        "wheelchair": "yes",
        "wikidata": "Q2202931",
        "wikimedia_commons": "Category:Station Nuth",
        "wikipedia": "nl:Station Nuth",
        "zone": "6624"
      },
      "geometry": {
        "type": "Point",
        "coordinates": [
          5.89267,
          50.9198085
        ]
      },
      "id": "node/3293165266"
    },
    {
      "type": "Feature",
      "properties": {
        "@id": "node/3376839743",
        "addr:city": "Delft",
        "addr:housenumber": "3",
        "addr:postcode": "2611BV",
        "addr:street": "Stationsplein",
        "name": "Delft",
        "public_transport": "station",
        "railway": "station",
        "railway:ref": "Dt",
        "train": "yes",
        "wheelchair": "yes",
        "wikidata": "Q800653",
        "wikipedia": "nl:Station Delft"
      },
      "geometry": {
        "type": "Point",
        "coordinates": [
          4.3565807,
          52.0075518
        ]
      },
      "id": "node/3376839743"
    },
    {
      "type": "Feature",
      "properties": {
        "@id": "node/3479331097",
        "alt_name": "Den Haag Centraal Station",
        "name": "Den Haag Centraal",
        "note:start_date": "Voor 1976 al gedeeltelijk in gebruik. Voorafgegaan door station Den Haag Staatsspoor, op iets andere locatie.",
        "old_name:-2000-05-29": "Den Haag CS",
        "public_transport": "station",
        "railway": "station",
        "railway:ref": "Gvc",
        "start_date": "1976-05-29",
        "toilets:wheelchair": "yes",
        "train": "yes",
        "wheelchair": "yes",
        "wikidata": "Q200704",
        "wikipedia": "nl:Station Den Haag Centraal"
      },
      "geometry": {
        "type": "Point",
        "coordinates": [
          4.3245487,
          52.0808443
        ]
      },
      "id": "node/3479331097"
    },
    {
      "type": "Feature",
      "properties": {
        "@id": "node/3497550450",
        "alt_name": "Den Haag Hollands Spoor",
        "image": "https://i.pinimg.com/originals/4b/62/8f/4b628fb8234e4f7c1f9829060f9be5fe.jpg",
        "name": "Den Haag HS",
        "operator:website": "https://www.prorail.nl/projecten/werkzaamheden-den-haag-hollands-spoor;https://www.ruland.nl/ondertussen-in-het-stationsgebouw-den-haag-hollands-spoor/;https://www.arcadis.com/nl-nl/projects/europe/netherlands/haagse-koninklijke-wachtkamer-den-haag-holla",
        "public_transport": "station",
        "railway": "station",
        "railway:ref": "Gv",
        "railway:ref:NMBS/SNCB": "XNDHH",
        "train": "yes",
        "website": "https://www.ns.nl/stationsinformatie/gv/den-haag-hs",
        "wheelchair": "yes",
        "wikidata": "Q800657",
        "wikipedia": "nl:Station Den Haag HS"
      },
      "geometry": {
        "type": "Point",
        "coordinates": [
          4.3222758,
          52.0701372
        ]
      },
      "id": "node/3497550450"
    },
    {
      "type": "Feature",
      "properties": {
        "@id": "node/3501464156",
        "name": "Den Haag Moerwijk",
        "public_transport": "station",
        "railway": "station",
        "railway:ref": "Gvmw",
        "source": "AND",
        "train": "yes",
        "wikidata": "Q3093239",
        "wikipedia": "nl:Station Den Haag Moerwijk",
        "zone": "5400"
      },
      "geometry": {
        "type": "Point",
        "coordinates": [
          4.3085449,
          52.054519
        ]
      },
      "id": "node/3501464156"
    },
    {
      "type": "Feature",
      "properties": {
        "@id": "node/3504104382",
        "alt_name": "Den Haag Laan van Nieuw Oost-Indië",
        "name": "Den Haag Laan van NOI",
        "note:name": "Schrijfwijze ProRail",
        "note:short_name": "Schrijfwijze NS",
        "old_name": "Nieuw Oosteinde",
        "old_name:-1978": "Laan van Nieuw Oost-Indië",
        "public_transport": "station",
        "railway": "station",
        "railway:ref": "Laa",
        "short_name": "Den Haag Laan v NOI",
        "station": "train;light_rail",
        "subway": "yes",
        "train": "yes",
        "tram": "yes",
        "website": "https://www.ns.nl/stationsinformatie/laa/den-haag-laan-v-noi",
        "wheelchair": "yes",
        "wikidata": "Q800656",
        "wikipedia": "nl:Station Den Haag Laan van NOI",
        "zone": "5400"
      },
      "geometry": {
        "type": "Point",
        "coordinates": [
          4.3432643,
          52.0789705
        ]
      },
      "id": "node/3504104382"
    },
    {
      "type": "Feature",
      "properties": {
        "@id": "node/3505712905",
        "name": "Den Haag Mariahoeve",
        "public_transport": "station",
        "railway": "station",
        "railway:ref": "Gvm",
        "source": "AND",
        "train": "yes",
        "wheelchair": "yes",
        "wikidata": "Q3018599",
        "wikipedia": "nl:Station Den Haag Mariahoeve",
        "zone": "5413"
      },
      "geometry": {
        "type": "Point",
        "coordinates": [
          4.3700691,
          52.0909985
        ]
      },
      "id": "node/3505712905"
    },
    {
      "type": "Feature",
      "properties": {
        "@id": "node/3507247429",
        "name": "Voorburg",
        "public_transport": "station",
        "railway": "station",
        "railway:ref": "Vb",
        "source": "AND",
        "train": "yes",
        "wikidata": "Q7941701",
        "wikipedia": "nl:Station Voorburg",
        "zone": "5413"
      },
      "geometry": {
        "type": "Point",
        "coordinates": [
          4.3595644,
          52.0665882
        ]
      },
      "id": "node/3507247429"
    },
    {
      "type": "Feature",
      "properties": {
        "@id": "node/3508543971",
        "name": "Den Haag Ypenburg",
        "public_transport": "station",
        "railway": "station",
        "railway:ref": "Ypb",
        "source": "AND",
        "train": "yes",
        "wheelchair": "yes",
        "wikidata": "Q2295597",
        "wikipedia": "nl:Station Den Haag Ypenburg",
        "zone": "5421"
      },
      "geometry": {
        "type": "Point",
        "coordinates": [
          4.390848,
          52.0558168
        ]
      },
      "id": "node/3508543971"
    },
    {
      "type": "Feature",
      "properties": {
        "@id": "node/3578080067",
        "name": "Obdam",
        "public_transport": "station",
        "railway": "station",
        "railway:ref": "Obd",
        "train": "yes",
        "wikidata": "Q4844380",
        "wikipedia": "nl:Station Obdam",
        "zone": "3847"
      },
      "geometry": {
        "type": "Point",
        "coordinates": [
          4.9092183,
          52.6780448
        ]
      },
      "id": "node/3578080067"
    },
    {
      "type": "Feature",
      "properties": {
        "@id": "node/3591583930",
        "name": "Soest",
        "public_transport": "station",
        "railway": "station",
        "railway:ref": "St",
        "train": "yes",
        "wikidata": "Q7553543",
        "wikipedia": "nl:Station Soest (Nederland)",
        "zone": "5952"
      },
      "geometry": {
        "type": "Point",
        "coordinates": [
          5.3101531,
          52.1731316
        ]
      },
      "id": "node/3591583930"
    },
    {
      "type": "Feature",
      "properties": {
        "@id": "node/3598701583",
        "name": "Venray",
        "public_transport": "station",
        "railway": "station",
        "railway:ref": "Vry",
        "train": "yes",
        "wheelchair": "yes",
        "wikidata": "Q2515711",
        "wikipedia": "nl:Station Venray",
        "zone": "6971"
      },
      "geometry": {
        "type": "Point",
        "coordinates": [
          6.0142546,
          51.526454
        ]
      },
      "id": "node/3598701583"
    },
    {
      "type": "Feature",
      "properties": {
        "@id": "node/3672421920",
        "name": "Barneveld Zuid",
        "public_transport": "station",
        "railway": "station",
        "railway:ref": "Bnz",
        "train": "yes",
        "wikidata": "Q2291521",
        "wikipedia": "nl:Station Barneveld Zuid"
      },
      "geometry": {
        "type": "Point",
        "coordinates": [
          5.6030939,
          52.1280783
        ]
      },
      "id": "node/3672421920"
    },
    {
      "type": "Feature",
      "properties": {
        "@id": "node/3752165187",
        "name": "Hardenberg",
        "operator": "Arriva",
        "public_transport": "station",
        "railway": "station",
        "railway:ref": "Hdb",
        "train": "yes",
        "wikidata": "Q1934190",
        "wikipedia": "nl:Station Hardenberg",
        "zone": "4629"
      },
      "geometry": {
        "type": "Point",
        "coordinates": [
          6.627603,
          52.5723383
        ]
      },
      "id": "node/3752165187"
    },
    {
      "type": "Feature",
      "properties": {
        "@id": "node/3752165189",
        "name": "Mariënberg",
        "operator": "Arriva",
        "public_transport": "station",
        "railway": "station",
        "railway:ref": "Mrb",
        "train": "yes",
        "wikidata": "Q801163",
        "wikimedia_commons": "Category:Mariënberg train station",
        "wikipedia": "nl:Station Mariënberg",
        "zone": "4618"
      },
      "geometry": {
        "type": "Point",
        "coordinates": [
          6.5742267,
          52.509025
        ]
      },
      "id": "node/3752165189"
    },
    {
      "type": "Feature",
      "properties": {
        "@id": "node/3827196189",
        "name": "Zwijndrecht",
        "public_transport": "station",
        "railway": "station",
        "railway:ref": "Zwd",
        "train": "yes",
        "uic_name": "Zwijndrecht(NL)",
        "uic_ref": "8400752",
        "wikidata": "Q5450665",
        "wikipedia": "nl:Station Zwijndrecht (Nederland)"
      },
      "geometry": {
        "type": "Point",
        "coordinates": [
          4.6411824,
          51.8152743
        ]
      },
      "id": "node/3827196189"
    },
    {
      "type": "Feature",
      "properties": {
        "@id": "node/3827257157",
        "name": "Barendrecht",
        "public_transport": "station",
        "railway": "station",
        "railway:ref": "Brd",
        "train": "yes",
        "wheelchair": "yes",
        "wikidata": "Q2441091",
        "wikipedia": "nl:Station Barendrecht"
      },
      "geometry": {
        "type": "Point",
        "coordinates": [
          4.5526538,
          51.8552885
        ]
      },
      "id": "node/3827257157"
    },
    {
      "type": "Feature",
      "properties": {
        "@id": "node/3938547498",
        "name": "Amsterdam Sloterdijk",
        "network": "Hoofdrailnet Nederland",
        "network:short": "HRN",
        "network:wikidata": "Q2337464",
        "network:wikipedia": "nl:Hoofdrailnet",
        "operator": "Nederlandse Spoorwegen",
        "public_transport": "station",
        "railway": "station",
        "railway:ref": "Ass",
        "start_date": "1983-05-29",
        "train": "yes",
        "wheelchair": "yes",
        "wikidata": "Q50721",
        "wikimedia_commons": "Category:Station Amsterdam Sloterdijk",
        "wikipedia": "nl:Station Amsterdam Sloterdijk"
      },
      "geometry": {
        "type": "Point",
        "coordinates": [
          4.8381062,
          52.3890317
        ]
      },
      "id": "node/3938547498"
    },
    {
      "type": "Feature",
      "properties": {
        "@id": "node/3986455402",
        "name": "Stavoren",
        "public_transport": "station",
        "railway": "station",
        "railway:ref": "Stv",
        "train": "yes",
        "wheelchair": "yes",
        "wikidata": "Q373619",
        "wikipedia": "nl:Station Stavoren",
        "zone": "2210"
      },
      "geometry": {
        "type": "Point",
        "coordinates": [
          5.3598419,
          52.886647
        ]
      },
      "id": "node/3986455402"
    },
    {
      "type": "Feature",
      "properties": {
        "@id": "node/3986455407",
        "name": "Koudum-Molkwerum",
        "public_transport": "station",
        "railway": "station",
        "railway:ref": "Kmw",
        "train": "yes",
        "wheelchair": "yes",
        "wikidata": "Q2126637",
        "wikipedia": "nl:Station Koudum-Molkwerum",
        "zone": "2220"
      },
      "geometry": {
        "type": "Point",
        "coordinates": [
          5.4107682,
          52.9024767
        ]
      },
      "id": "node/3986455407"
    },
    {
      "type": "Feature",
      "properties": {
        "@id": "node/4005961975",
        "name": "Amsterdam Bijlmer ArenA",
        "network": "NS;Amsterdamse metro",
        "network:subway": "Amsterdamse metro",
        "network:train": "NS",
        "old_name": "Amsterdam Bijlmer",
        "operator": "NS;GVB",
        "operator:subway": "GVB",
        "operator:train": "NS",
        "public_transport": "station",
        "railway": "station",
        "railway:ref": "Asb",
        "source": "AND",
        "start_date": "1971-05-24",
        "subway": "yes",
        "train": "yes",
        "wheelchair": "yes",
        "wikidata": "Q50723",
        "wikimedia_commons": "Category:Station Amsterdam Bijlmer ArenA",
        "wikipedia": "nl:Station Amsterdam Bijlmer ArenA",
        "zone": "5725"
      },
      "geometry": {
        "type": "Point",
        "coordinates": [
          4.9470883,
          52.3122449
        ]
      },
      "id": "node/4005961975"
    },
    {
      "type": "Feature",
      "properties": {
        "@id": "node/4018000913",
        "name": "Eygelshoven Markt",
        "public_transport": "station",
        "railway": "station",
        "railway:ref": "Eghm",
        "source": "https://github.com/trainline-eu/stations",
        "train": "yes",
        "uic_ref": "8400234",
        "wikidata": "Q2616812",
        "wikimedia_commons": "Category:Station Eygelshoven Markt",
        "wikipedia": "nl:Station Eygelshoven Markt"
      },
      "geometry": {
        "type": "Point",
        "coordinates": [
          6.0577972,
          50.896103
        ]
      },
      "id": "node/4018000913"
    },
    {
      "type": "Feature",
      "properties": {
        "@id": "node/4034243636",
        "name": "Heerlen Woonboulevard",
        "public_transport": "station",
        "railway": "station",
        "railway:ref": "Hrlw",
        "train": "yes",
        "wheelchair": "yes",
        "wikidata": "Q2249907",
        "wikimedia_commons": "Category:Station Heerlen Woonboulevard",
        "wikipedia": "nl:Station Heerlen Woonboulevard"
      },
      "geometry": {
        "type": "Point",
        "coordinates": [
          5.9527975,
          50.8961435
        ]
      },
      "id": "node/4034243636"
    },
    {
      "type": "Feature",
      "properties": {
        "@id": "node/4040491812",
        "addr:city": "Amsterdam",
        "addr:postcode": "1097DN",
        "addr:street": "Julianaplein",
        "name": "Amsterdam Amstel",
        "network": "Hoofdrailnet Nederland;Amsterdamse metro",
        "network:subway": "Amsterdamse metro",
        "network:train": "Hoofdrailnet Nederland",
        "operator": "Nederlandse Spoorwegen;GVB",
        "operator:subway": "GVB",
        "operator:train": "Nederlandse Spoorwegen",
        "public_transport": "station",
        "railway": "station",
        "railway:ref": "Asa",
        "start_date": "1939-10-15",
        "station": "train;subway",
        "subway": "yes",
        "train": "yes",
        "wheelchair": "limited",
        "wikidata": "Q50720",
        "wikimedia_commons": "Category:Amstelstation",
        "wikipedia": "nl:Station Amsterdam Amstel"
      },
      "geometry": {
        "type": "Point",
        "coordinates": [
          4.9175567,
          52.3464656
        ]
      },
      "id": "node/4040491812"
    },
    {
      "type": "Feature",
      "properties": {
        "@id": "node/4041466061",
        "addr:city": "Tilburg",
        "addr:housenumber": "9",
        "addr:postcode": "5038CA",
        "addr:street": "Stationspassage",
        "alt_name": "Station Tilburg",
        "name": "Tilburg",
        "public_transport": "station",
        "railway": "station",
        "railway:ref": "Tb",
        "source": "BAG",
        "source:date": "2017-02-28",
        "toilets:wheelchair": "yes",
        "train": "yes",
        "wheelchair": "yes",
        "wikidata": "Q801519",
        "wikipedia": "nl:Station Tilburg"
      },
      "geometry": {
        "type": "Point",
        "coordinates": [
          5.0837958,
          51.5606465
        ]
      },
      "id": "node/4041466061"
    },
    {
      "type": "Feature",
      "properties": {
        "@id": "node/4041503843",
        "name": "Eindhoven Strijp-S",
        "old_name:1971-2015": "Eindhoven Beukenlaan",
        "public_transport": "station",
        "railway": "station",
        "railway:ref": "Ehs",
        "train": "yes",
        "wheelchair": "no",
        "wikidata": "Q5317675",
        "wikipedia": "nl:Station Eindhoven Strijp-S",
        "zone": "6410"
      },
      "geometry": {
        "type": "Point",
        "coordinates": [
          5.4570165,
          51.4503696
        ]
      },
      "id": "node/4041503843"
    },
    {
      "type": "Feature",
      "properties": {
        "@id": "node/4041505713",
        "name": "Boxtel",
        "public_transport": "station",
        "railway": "station",
        "railway:ref": "Btl",
        "source": "AND",
        "train": "yes",
        "wikidata": "Q2481512",
        "wikipedia": "nl:Station Boxtel",
        "zone": "6333"
      },
      "geometry": {
        "type": "Point",
        "coordinates": [
          5.3190301,
          51.5844429
        ]
      },
      "id": "node/4041505713"
    },
    {
      "type": "Feature",
      "properties": {
        "@id": "node/4041574195",
        "name": "Zaltbommel",
        "public_transport": "station",
        "railway": "station",
        "railway:ref": "Zbm",
        "train": "yes",
        "uic_ref": "8400732",
        "wheelchair": "yes",
        "wikidata": "Q2306863",
        "wikipedia": "nl:Station Zaltbommel",
        "zone": "6257"
      },
      "geometry": {
        "type": "Point",
        "coordinates": [
          5.2633823,
          51.8078029
        ]
      },
      "id": "node/4041574195"
    },
    {
      "type": "Feature",
      "properties": {
        "@id": "node/4041579851",
        "name": "Geldermalsen",
        "public_transport": "station",
        "railway": "station",
        "railway:ref": "Gdm",
        "railway:ref:DB": "XNGM",
        "source": "AND",
        "train": "yes",
        "wikidata": "Q3096535",
        "wikipedia": "nl:Station Geldermalsen",
        "zone": "6136"
      },
      "geometry": {
        "type": "Point",
        "coordinates": [
          5.2714789,
          51.8825577
        ]
      },
      "id": "node/4041579851"
    },
    {
      "type": "Feature",
      "properties": {
        "@id": "node/4041584745",
        "name": "Culemborg",
        "operator": "Nederlandse Spoorwegen",
        "public_transport": "station",
        "railway": "station",
        "railway:ref": "Cl",
        "train": "yes",
        "wheelchair": "yes",
        "wikidata": "Q2170547",
        "wikipedia": "nl:Station Culemborg",
        "zone": "5167"
      },
      "geometry": {
        "type": "Point",
        "coordinates": [
          5.2267808,
          51.9470421
        ]
      },
      "id": "node/4041584745"
    },
    {
      "type": "Feature",
      "properties": {
        "@id": "node/4041666291",
        "name": "Duivendrecht",
        "network": "Hoofdrailnet Nederland;Amsterdamse metro",
        "network:subway": "Amsterdamse metro",
        "network:train": "Hoofdrailnet Nederland",
        "operator": "Nederlandse Spoorwegen;GVB",
        "operator:subway": "GVB",
        "operator:train": "Nederlandse Spoorwegen",
        "public_transport": "station",
        "railway": "station",
        "railway:ref": "Dvd",
        "start_date": "1993-05-23",
        "station": "train;subway",
        "subway": "yes",
        "train": "yes",
        "wikidata": "Q49870",
        "wikimedia_commons": "Category:Station Duivendrecht",
        "wikipedia": "nl:Station Duivendrecht",
        "zone": "5715"
      },
      "geometry": {
        "type": "Point",
        "coordinates": [
          4.9365267,
          52.3235787
        ]
      },
      "id": "node/4041666291"
    },
    {
      "type": "Feature",
      "properties": {
        "@id": "node/4046323545",
        "name": "Amsterdam RAI",
        "network": "Hoofdrailnet Nederland",
        "network:short": "HRN",
        "network:wikidata": "Q2337464",
        "network:wikipedia": "nl:Hoofdrailnet",
        "operator": "Nederlandse Spoorwegen",
        "public_transport": "station",
        "railway": "station",
        "railway:ref": "Rai",
        "start_date": "1981-05-31",
        "train": "yes",
        "website": "https://9292.nl/en/station-amsterdam-rai",
        "wheelchair": "yes",
        "wikidata": "Q512214",
        "wikimedia_commons": "Category:Station Amsterdam RAI",
        "wikipedia": "nl:Station Amsterdam RAI",
        "zone": "5714"
      },
      "geometry": {
        "type": "Point",
        "coordinates": [
          4.8902289,
          52.3370349
        ]
      },
      "id": "node/4046323545"
    },
    {
      "type": "Feature",
      "properties": {
        "@id": "node/4048801964",
        "name": "Rotterdam Alexander",
        "public_transport": "station",
        "railway": "station",
        "railway:ref": "Rta",
        "train": "yes",
        "wheelchair": "yes",
        "wikidata": "Q801382",
        "wikipedia": "nl:Station Rotterdam Alexander",
        "zone": "5321"
      },
      "geometry": {
        "type": "Point",
        "coordinates": [
          4.5524827,
          51.9517162
        ]
      },
      "id": "node/4048801964"
    },
    {
      "type": "Feature",
      "properties": {
        "@id": "node/4048801966",
        "amenity": "station",
        "internet_access": "no",
        "location": "underground",
        "name": "Rotterdam Blaak",
        "public_transport": "station",
        "railway": "station",
        "railway:ref": "Rtb",
        "station": "train;subway",
        "subway": "yes",
        "train": "yes",
        "wheelchair": "yes",
        "wikidata": "Q7370661",
        "wikipedia": "nl:Station Rotterdam Blaak",
        "zone": "5300"
      },
      "geometry": {
        "type": "Point",
        "coordinates": [
          4.4890736,
          51.9200723
        ]
      },
      "id": "node/4048801966"
    },
    {
      "type": "Feature",
      "properties": {
        "@id": "node/4048801967",
        "alt_name": "Rotterdam Centraal Station",
        "iata": "QRH",
        "location": "covered",
        "name": "Rotterdam Centraal",
        "name:de": "Rotterdam Hauptbahnhof",
        "old_name:-2000-05-29": "Rotterdam CS",
        "public_transport": "station",
        "railway": "station",
        "railway:ref": "Rtd",
        "railway:ref:NMBS/SNCB": "XNRTD",
        "start_date": "1957-05-21",
        "train": "yes",
        "uic_ref": "8400530",
        "wheelchair": "yes",
        "wikidata": "Q801388",
        "wikipedia": "nl:Station Rotterdam Centraal",
        "zone": "5300"
      },
      "geometry": {
        "type": "Point",
        "coordinates": [
          4.4692289,
          51.9250574
        ]
      },
      "id": "node/4048801967"
    },
    {
      "type": "Feature",
      "properties": {
        "@id": "node/4048801969",
        "name": "Schiedam Centrum",
        "old_name:-1967-05-25": "Schiedam",
        "old_name:1967-05-25--1998-05-24": "Schiedam-Rotterdam West",
        "public_transport": "station",
        "railway": "station",
        "railway:ref": "Sdm",
        "start_date": "1847-06-03",
        "station": "train;subway",
        "subway": "yes",
        "train": "yes",
        "wikidata": "Q801405",
        "wikipedia": "nl:Station Schiedam Centrum",
        "zone": "5319"
      },
      "geometry": {
        "type": "Point",
        "coordinates": [
          4.4087428,
          51.9220349
        ]
      },
      "id": "node/4048801969"
    },
    {
      "type": "Feature",
      "properties": {
        "@id": "node/4061881142",
        "name": "Hoogeveen",
        "name:fy": "Hegefean",
        "platforms": "2",
        "public_transport": "station",
        "railway": "station",
        "railway:ref": "Hgv",
        "toilets:wheelchair": "yes",
        "train": "yes",
        "wheelchair": "yes",
        "wikidata": "Q47337",
        "wikipedia": "nl:Station Hoogeveen",
        "zone": "1700"
      },
      "geometry": {
        "type": "Point",
        "coordinates": [
          6.4729673,
          52.7335031
        ]
      },
      "id": "node/4061881142"
    },
    {
      "type": "Feature",
      "properties": {
        "@id": "node/4076017504",
        "addr:city": "Amsterdam",
        "addr:housenumber": "37",
        "addr:postcode": "1062HD",
        "addr:street": "Cornelis Lelylaan",
        "name": "Amsterdam Lelylaan",
        "network": "Hoofdrailnet Nederland;Amsterdamse metro",
        "network:subway": "Amsterdamse metro",
        "network:train": "Hoofdrailnet Nederland",
        "operator": "Nederlandse Spoorwegen;GVB",
        "operator:subway": "GVB",
        "operator:train": "Nederlandse Spoorwegen",
        "public_transport": "station",
        "railway": "station",
        "railway:ref": "Asdl",
        "start_date": "1986-06-01",
        "start_date:subway": "1997-05-28",
        "station": "train;subway",
        "subway": "yes",
        "train": "yes",
        "website": "https://9292.nl/station-amsterdam-lelylaan",
        "wheelchair": "yes",
        "wikidata": "Q50722",
        "wikimedia_commons": "Category:Station Amsterdam Lelylaan",
        "wikipedia": "nl:Station Amsterdam Lelylaan",
        "zone": "5713"
      },
      "geometry": {
        "type": "Point",
        "coordinates": [
          4.8340268,
          52.3578369
        ]
      },
      "id": "node/4076017504"
    },
    {
      "type": "Feature",
      "properties": {
        "@id": "node/4085675596",
        "alt_name": "Den Bosch",
        "name": "'s-Hertogenbosch",
        "name:fy": "Den Bos",
        "name:nl": "'s-Hertogenbosch",
        "public_transport": "station",
        "railway": "station",
        "railway:ref": "Ht",
        "source": "AND",
        "train": "yes",
        "wheelchair": "yes",
        "wikidata": "Q801698",
        "wikipedia": "nl:Station 's-Hertogenbosch",
        "zone": "6300"
      },
      "geometry": {
        "type": "Point",
        "coordinates": [
          5.2937086,
          51.6905164
        ]
      },
      "id": "node/4085675596"
    },
    {
      "type": "Feature",
      "properties": {
        "@id": "node/4085675598",
        "addr:city": "Alkmaar",
        "addr:housenumber": "47",
        "addr:postcode": "1815CB",
        "addr:street": "Stationsweg",
        "brand": "ProRail",
        "brand:website": "https://stations.nl",
        "name": "Alkmaar",
        "name:ar": "ألكمار",
        "name:ckb": "ئەڵکمار",
        "name:fa": "آلکمار",
        "name:ur": "الکمار",
        "operator": "ProRail",
        "operator:website": "https://stations.nl/stations/alkmaar/",
        "public_transport": "station",
        "railway": "station",
        "railway:ref": "Amr",
        "train": "yes",
        "wheelchair": "no",
        "wikidata": "Q800367",
        "wikipedia": "nl:Station Alkmaar",
        "zone": "3600"
      },
      "geometry": {
        "type": "Point",
        "coordinates": [
          4.7406979,
          52.6381293
        ]
      },
      "id": "node/4085675598"
    },
    {
      "type": "Feature",
      "properties": {
        "@id": "node/4085675599",
        "addr:city": "Castricum",
        "name": "Castricum",
        "public_transport": "station",
        "railway": "station",
        "railway:ref": "Cas",
        "train": "yes",
        "wikidata": "Q5050771",
        "wikimedia_commons": "File:Castricum train station 2018.jpg",
        "wikipedia": "nl:Station Castricum",
        "zone": "3630"
      },
      "geometry": {
        "type": "Point",
        "coordinates": [
          4.6591148,
          52.5453379
        ]
      },
      "id": "node/4085675599"
    },
    {
      "type": "Feature",
      "properties": {
        "@id": "node/4085675600",
        "name": "Heiloo",
        "public_transport": "station",
        "railway": "station",
        "railway:ref": "Hlo",
        "train": "yes",
        "wikidata": "Q2364541",
        "wikipedia": "nl:Station Heiloo",
        "zone": "3610"
      },
      "geometry": {
        "type": "Point",
        "coordinates": [
          4.7011338,
          52.6000225
        ]
      },
      "id": "node/4085675600"
    },
    {
      "type": "Feature",
      "properties": {
        "@id": "node/4085675602",
        "name": "Roermond",
        "name:ar": "رورموند",
        "name:fa": "رورموند",
        "public_transport": "station",
        "railway": "station",
        "railway:ref": "Rm",
        "railway:ref:DB": "XNRM",
        "train": "yes",
        "website": "https://9292.nl/en/station-roermond",
        "wheelchair": "yes",
        "wikidata": "Q636749",
        "wikimedia_commons": "Category:Station Roermond",
        "wikipedia": "nl:Station Roermond",
        "zone": "6800"
      },
      "geometry": {
        "type": "Point",
        "coordinates": [
          5.9938511,
          51.1925659
        ]
      },
      "id": "node/4085675602"
    },
    {
      "type": "Feature",
      "properties": {
        "@id": "node/4085675603",
        "name": "Sittard",
        "operator": "NS",
        "platforms": "4",
        "public_transport": "station",
        "railway": "station",
        "railway:ref": "Std",
        "train": "yes",
        "wheelchair": "yes",
        "wikidata": "Q801445",
        "wikimedia_commons": "Category:Station Sittard",
        "wikipedia": "nl:Station Sittard"
      },
      "geometry": {
        "type": "Point",
        "coordinates": [
          5.8588913,
          51.0020038
        ]
      },
      "id": "node/4085675603"
    },
    {
      "type": "Feature",
      "properties": {
        "@id": "node/4085675604",
        "name": "Zaandam",
        "public_transport": "station",
        "railway": "station",
        "railway:ref": "Zd",
        "train": "yes",
        "wheelchair": "yes",
        "wikidata": "Q801653",
        "wikipedia": "nl:Station Zaandam",
        "zone": "3722"
      },
      "geometry": {
        "type": "Point",
        "coordinates": [
          4.8137421,
          52.4382493
        ]
      },
      "id": "node/4085675604"
    },
    {
      "type": "Feature",
      "properties": {
        "@id": "node/4144568336",
        "name": "Abcoude",
        "public_transport": "station",
        "railway": "station",
        "railway:ref": "Ac",
        "source": "AND",
        "train": "yes",
        "wheelchair": "yes",
        "wikidata": "Q1893105",
        "wikipedia": "nl:Station Abcoude",
        "zone": "5735"
      },
      "geometry": {
        "type": "Point",
        "coordinates": [
          4.9773816,
          52.2785602
        ]
      },
      "id": "node/4144568336"
    },
    {
      "type": "Feature",
      "properties": {
        "@id": "node/4144571678",
        "name": "Breukelen",
        "public_transport": "station",
        "railway": "station",
        "railway:ref": "Bkl",
        "train": "yes",
        "wheelchair": "limited",
        "wikidata": "Q2643642",
        "wikimedia_commons": "Category:Breukelen railway station",
        "wikipedia": "nl:Station Breukelen",
        "zone": "5935"
      },
      "geometry": {
        "type": "Point",
        "coordinates": [
          4.9906222,
          52.1708294
        ]
      },
      "id": "node/4144571678"
    },
    {
      "type": "Feature",
      "properties": {
        "@id": "node/4154223955",
        "name": "Helmond Brandevoort",
        "public_transport": "station",
        "railway": "station",
        "railway:ref": "Hmbv",
        "train": "yes",
        "wheelchair": "yes",
        "wikidata": "Q2694671",
        "wikipedia": "nl:Station Helmond Brandevoort"
      },
      "geometry": {
        "type": "Point",
        "coordinates": [
          5.6088392,
          51.4624634
        ]
      },
      "id": "node/4154223955"
    },
    {
      "type": "Feature",
      "properties": {
        "@id": "node/4154223956",
        "name": "Nijmegen Dukenburg",
        "platforms": "2",
        "public_transport": "station",
        "railway": "station",
        "railway:ref": "Nmd",
        "train": "yes",
        "wheelchair": "no",
        "wikidata": "Q7034574",
        "wikimedia_commons": "Category:Station Nijmegen Dukenburg",
        "wikipedia": "nl:Station Nijmegen Dukenburg",
        "zone": "6015"
      },
      "geometry": {
        "type": "Point",
        "coordinates": [
          5.7942393,
          51.8239417
        ]
      },
      "id": "node/4154223956"
    },
    {
      "type": "Feature",
      "properties": {
        "@id": "node/4154223957",
        "name": "Nijmegen Lent",
        "public_transport": "station",
        "railway": "station",
        "railway:ref": "Nml",
        "train": "yes",
        "wheelchair": "yes",
        "wikidata": "Q2351088",
        "wikimedia_commons": "Category:Station Nijmegen Lent",
        "wikipedia": "nl:Station Nijmegen Lent",
        "zone": "6119"
      },
      "geometry": {
        "type": "Point",
        "coordinates": [
          5.8596868,
          51.862468
        ]
      },
      "id": "node/4154223957"
    },
    {
      "type": "Feature",
      "properties": {
        "@id": "node/4154223958",
        "name": "Olst",
        "public_transport": "station",
        "railway": "station",
        "railway:ref": "Ost",
        "train": "yes",
        "wikidata": "Q2521252",
        "wikipedia": "nl:Station Olst",
        "zone": "4785"
      },
      "geometry": {
        "type": "Point",
        "coordinates": [
          6.1134201,
          52.3354376
        ]
      },
      "id": "node/4154223958"
    },
    {
      "type": "Feature",
      "properties": {
        "@id": "node/4159816392",
        "name": "Zuidhorn",
        "public_transport": "station",
        "railway": "station",
        "railway:ref": "Zh",
        "train": "yes",
        "wheelchair": "yes",
        "wikidata": "Q2177060",
        "wikipedia": "nl:Station Zuidhorn",
        "zone": "1134"
      },
      "geometry": {
        "type": "Point",
        "coordinates": [
          6.4067456,
          53.2481468
        ]
      },
      "id": "node/4159816392"
    },
    {
      "type": "Feature",
      "properties": {
        "@id": "node/4185358281",
        "name": "Zaandijk Zaanse Schans",
        "old_name:1867-2016": "Koog-Zaandijk",
        "public_transport": "station",
        "railway": "station",
        "railway:ref": "Zzs",
        "train": "yes",
        "wheelchair": "yes",
        "wikidata": "Q2068155",
        "wikipedia": "nl:Station Zaandijk Zaanse Schans",
        "zone": "3722"
      },
      "geometry": {
        "type": "Point",
        "coordinates": [
          4.8051566,
          52.4692791
        ]
      },
      "id": "node/4185358281"
    },
    {
      "type": "Feature",
      "properties": {
        "@id": "node/4185358282",
        "name": "Krommenie-Assendelft",
        "public_transport": "station",
        "railway": "station",
        "railway:ref": "Kma",
        "train": "yes",
        "wheelchair": "yes",
        "wikidata": "Q3369670",
        "wikipedia": "nl:Station Krommenie-Assendelft",
        "zone": "3732"
      },
      "geometry": {
        "type": "Point",
        "coordinates": [
          4.7552412,
          52.4950503
        ]
      },
      "id": "node/4185358282"
    },
    {
      "type": "Feature",
      "properties": {
        "@id": "node/4185358283",
        "name": "Wormerveer",
        "public_transport": "station",
        "railway": "station",
        "railway:ref": "Wm",
        "train": "yes",
        "wikidata": "Q2656844",
        "wikipedia": "nl:Station Wormerveer",
        "zone": "3732"
      },
      "geometry": {
        "type": "Point",
        "coordinates": [
          4.7936282,
          52.4892769
        ]
      },
      "id": "node/4185358283"
    },
    {
      "type": "Feature",
      "properties": {
        "@id": "node/4203968191",
        "name": "Woerden",
        "public_transport": "station",
        "railway": "station",
        "railway:ref": "Wd",
        "toilets:wheelchair": "yes",
        "train": "yes",
        "wheelchair": "yes",
        "wikidata": "Q801625",
        "wikipedia": "nl:Station Woerden",
        "zone": "5140"
      },
      "geometry": {
        "type": "Point",
        "coordinates": [
          4.8924874,
          52.0850884
        ]
      },
      "id": "node/4203968191"
    },
    {
      "type": "Feature",
      "properties": {
        "@id": "node/4203968192",
        "name": "Zoetermeer Oost",
        "public_transport": "station",
        "railway": "station",
        "railway:ref": "Ztmo",
        "train": "yes",
        "wikidata": "Q13479616",
        "wikipedia": "nl:Station Zoetermeer Oost",
        "zone": "5441"
      },
      "geometry": {
        "type": "Point",
        "coordinates": [
          4.4934339,
          52.0463461
        ]
      },
      "id": "node/4203968192"
    },
    {
      "type": "Feature",
      "properties": {
        "@id": "node/4203968193",
        "name": "Zoetermeer",
        "public_transport": "station",
        "railway": "station",
        "railway:ref": "Ztm",
        "train": "yes",
        "wheelchair": "yes",
        "wikidata": "Q430732",
        "wikipedia": "nl:Station Zoetermeer",
        "zone": "5441"
      },
      "geometry": {
        "type": "Point",
        "coordinates": [
          4.476916,
          52.0475562
        ]
      },
      "id": "node/4203968193"
    },
    {
      "type": "Feature",
      "properties": {
        "@id": "node/4205279190",
        "name": "Vorden",
        "public_transport": "station",
        "railway": "station",
        "railway:ref": "Vd",
        "train": "yes",
        "wikidata": "Q2805117",
        "wikipedia": "nl:Station Vorden",
        "zone": "4131"
      },
      "geometry": {
        "type": "Point",
        "coordinates": [
          6.3171531,
          52.1073107
        ]
      },
      "id": "node/4205279190"
    },
    {
      "type": "Feature",
      "properties": {
        "@id": "node/4213072667",
        "name": "Heerhugowaard",
        "public_transport": "station",
        "railway": "station",
        "railway:ref": "Hwd",
        "train": "yes",
        "wheelchair": "limited",
        "wikidata": "Q800900",
        "wikipedia": "nl:Station Heerhugowaard",
        "zone": "3526"
      },
      "geometry": {
        "type": "Point",
        "coordinates": [
          4.8236817,
          52.6702428
        ]
      },
      "id": "node/4213072667"
    },
    {
      "type": "Feature",
      "properties": {
        "@id": "node/4213072668",
        "addr:city": "De Klomp",
        "addr:postcode": "6745XM",
        "addr:street": "Stationsplein",
        "name": "Veenendaal-De Klomp",
        "public_transport": "station",
        "railway": "station",
        "railway:ref": "Klp",
        "train": "yes",
        "wheelchair": "yes",
        "wikidata": "Q1944118",
        "wikipedia": "nl:Station Veenendaal-De Klomp",
        "zone": "4080"
      },
      "geometry": {
        "type": "Point",
        "coordinates": [
          5.5739271,
          52.0459528
        ]
      },
      "id": "node/4213072668"
    },
    {
      "type": "Feature",
      "properties": {
        "@id": "node/4290854847",
        "alt_name": "Amsterdam Centraal Station",
        "internet_access": "no",
        "name": "Amsterdam Centraal",
        "name:de": "Amsterdam Hauptbahnhof",
        "name:el": "Κεντρικός σταθμός Άμστερνταμ",
        "name:en": "Amsterdam Central Station",
        "name:es": "Estación Central de Ámsterdam",
        "name:fr": "Gare centrale d'Amsterdam",
        "name:ja": "アムステルダム中央駅",
        "name:ko": "암스테르담 중앙역",
        "name:nl": "Amsterdam Centraal",
        "name:zh": "阿姆斯特丹中央车站",
        "name:zh-Hant": "阿姆斯特丹中央車站",
        "old_name:-2000-05-29": "Amsterdam CS",
        "operator": "NS",
        "public_transport": "station",
        "railway": "station",
        "railway:ref": "Asd",
        "railway:ref:DB": "XNAC",
        "railway:ref:NMBS/SNCB": "XNASD",
        "ref:crs": "AMS",
        "start_date": "1889-10-15",
        "train": "yes",
        "uic_ref": "8400058",
        "wheelchair": "yes",
        "wikidata": "Q50719",
        "wikimedia_commons": "Category:Amsterdam Central station",
        "wikipedia": "nl:Station Amsterdam Centraal",
        "zone": "5700"
      },
      "geometry": {
        "type": "Point",
        "coordinates": [
          4.9005805,
          52.378901
        ]
      },
      "id": "node/4290854847"
    },
    {
      "type": "Feature",
      "properties": {
        "@id": "node/4309432493",
        "name": "Veenendaal Centrum",
        "public_transport": "station",
        "railway": "station",
        "railway:ref": "Vndc",
        "toilets:wheelchair": "yes",
        "train": "yes",
        "wheelchair": "yes",
        "wikidata": "Q259354",
        "wikipedia": "nl:Station Veenendaal Centrum",
        "zone": "4080"
      },
      "geometry": {
        "type": "Point",
        "coordinates": [
          5.549098,
          52.0200045
        ]
      },
      "id": "node/4309432493"
    },
    {
      "type": "Feature",
      "properties": {
        "@id": "node/4331043170",
        "name": "Nieuw Amsterdam",
        "public_transport": "station",
        "railway": "station",
        "railway:ref": "Na",
        "train": "yes",
        "wikidata": "Q2386384",
        "wikipedia": "nl:Station Nieuw Amsterdam",
        "zone": "1805"
      },
      "geometry": {
        "type": "Point",
        "coordinates": [
          6.8488011,
          52.7183661
        ]
      },
      "id": "node/4331043170"
    },
    {
      "type": "Feature",
      "properties": {
        "@id": "node/4343430415",
        "name": "Kesteren",
        "public_transport": "station",
        "railway": "station",
        "railway:ref": "Ktr",
        "train": "yes",
        "wikidata": "Q2692048",
        "wikipedia": "nl:Station Kesteren",
        "zone": "6170"
      },
      "geometry": {
        "type": "Point",
        "coordinates": [
          5.583255,
          51.9315803
        ]
      },
      "id": "node/4343430415"
    },
    {
      "type": "Feature",
      "properties": {
        "@id": "node/4346546237",
        "name": "Arkel",
        "public_transport": "station",
        "railway": "station",
        "railway:ref": "Akl",
        "train": "yes",
        "wikidata": "Q2388194",
        "wikipedia": "nl:Station Arkel",
        "zone": "5165"
      },
      "geometry": {
        "type": "Point",
        "coordinates": [
          4.9927723,
          51.8721203
        ]
      },
      "id": "node/4346546237"
    },
    {
      "type": "Feature",
      "properties": {
        "@id": "node/4347209276",
        "name": "Hardinxveld-Giessendam",
        "public_transport": "station",
        "railway": "station",
        "railway:ref": "Gnd",
        "train": "yes",
        "wikidata": "Q773289",
        "wikipedia": "nl:Station Hardinxveld-Giessendam (1957)",
        "zone": "5375"
      },
      "geometry": {
        "type": "Point",
        "coordinates": [
          4.8355964,
          51.8303521
        ]
      },
      "id": "node/4347209276"
    },
    {
      "type": "Feature",
      "properties": {
        "@id": "node/4425618606",
        "name": "Dordrecht",
        "public_transport": "station",
        "railway": "station",
        "railway:ref": "Ddr",
        "train": "yes",
        "wheelchair": "yes",
        "wikidata": "Q800675",
        "wikipedia": "nl:Station Dordrecht",
        "zone": "5360"
      },
      "geometry": {
        "type": "Point",
        "coordinates": [
          4.6677478,
          51.8075316
        ]
      },
      "id": "node/4425618606"
    },
    {
      "type": "Feature",
      "properties": {
        "@id": "node/4487545500",
        "name": "Gouda",
        "public_transport": "station",
        "railway": "station",
        "railway:ref": "Gd",
        "train": "yes",
        "wheelchair": "no",
        "wikidata": "Q800833",
        "wikimedia_commons": "Category:Station Gouda",
        "wikipedia": "nl:Station Gouda"
      },
      "geometry": {
        "type": "Point",
        "coordinates": [
          4.7061636,
          52.0174245
        ]
      },
      "id": "node/4487545500"
    },
    {
      "type": "Feature",
      "properties": {
        "@id": "node/4487548898",
        "alt_name": "Muiderpoortstation",
        "name": "Amsterdam Muiderpoort",
        "public_transport": "station",
        "railway": "station",
        "railway:ref": "Asdm",
        "train": "yes",
        "wheelchair": "yes",
        "wikidata": "Q50724",
        "wikimedia_commons": "Category:Muiderpoortstation",
        "wikipedia": "nl:Station Amsterdam Muiderpoort"
      },
      "geometry": {
        "type": "Point",
        "coordinates": [
          4.9311934,
          52.3608341
        ]
      },
      "id": "node/4487548898"
    },
    {
      "type": "Feature",
      "properties": {
        "@id": "node/4487550666",
        "name": "Weert",
        "public_transport": "station",
        "railway": "station",
        "railway:ref": "Wt",
        "train": "yes",
        "wikidata": "Q4722098",
        "wikipedia": "nl:Station Weert"
      },
      "geometry": {
        "type": "Point",
        "coordinates": [
          5.7041339,
          51.2486962
        ]
      },
      "id": "node/4487550666"
    },
    {
      "type": "Feature",
      "properties": {
        "@id": "node/4487554970",
        "internet_access": "wlan",
        "internet_access:fee": "no",
        "internet_access:ssid": "KPN",
        "name": "Zwolle",
        "public_transport": "station",
        "railway": "station",
        "railway:ref": "Zl",
        "toilets:wheelchair": "no",
        "train": "yes",
        "wheelchair": "yes",
        "wikidata": "Q47350",
        "wikipedia": "nl:Station Zwolle"
      },
      "geometry": {
        "type": "Point",
        "coordinates": [
          6.0912373,
          52.5050086
        ]
      },
      "id": "node/4487554970"
    },
    {
      "type": "Feature",
      "properties": {
        "@id": "node/4487559980",
        "image": "https://api.railway-stations.org/photos/nl/8484212.jpg",
        "name": "Enschede",
        "name:ar": "أنسخديه",
        "name:fa": "انسخده",
        "name:nl": "Enschede",
        "name:pnb": "انشیدے",
        "name:ur": "انسخدئے",
        "operator": "NS;DBR",
        "public_transport": "station",
        "railway": "station",
        "railway:ref": "Es",
        "railway:ref:DB": "XNES",
        "railway:ref:DBR": "ESD",
        "railway:ref:NS": "Es",
        "toilets:wheelchair": "yes",
        "train": "yes",
        "uic_ref": "8400212",
        "wheelchair": "yes",
        "wikidata": "Q743359",
        "wikipedia": "nl:Station Enschede"
      },
      "geometry": {
        "type": "Point",
        "coordinates": [
          6.8897811,
          52.2223649
        ]
      },
      "id": "node/4487559980"
    },
    {
      "type": "Feature",
      "properties": {
        "@id": "node/4519026692",
        "designation": "Sprinterstation",
        "name": "Hoofddorp",
        "operator": "Nederlandse Spoorwegen",
        "platforms": "4",
        "public_transport": "station",
        "railway": "station",
        "railway:ref": "Hfd",
        "train": "yes",
        "website": "https://9292.nl/en/station-hoofddorp",
        "wikidata": "Q800931",
        "wikimedia_commons": "Category:Station Hoofddorp",
        "wikipedia": "nl:Station Hoofddorp (Schiphollijn)",
        "zone": "5633"
      },
      "geometry": {
        "type": "Point",
        "coordinates": [
          4.6988698,
          52.2928668
        ]
      },
      "id": "node/4519026692"
    },
    {
      "type": "Feature",
      "properties": {
        "@id": "node/4530820007",
        "addr:city": "Deventer",
        "addr:housenumber": "7",
        "addr:postcode": "7411HB",
        "addr:street": "Stationsplein",
        "alt_name": "Station Deventer",
        "name": "Deventer",
        "public_transport": "station",
        "railway": "station",
        "railway:ref": "Dv",
        "source": "BAG",
        "source:date": "2018-08-08",
        "train": "yes",
        "uic_ref": "8400173",
        "wheelchair": "yes",
        "wikidata": "Q17461651",
        "wikipedia": "nl:Station Deventer",
        "zone": "4789"
      },
      "geometry": {
        "type": "Point",
        "coordinates": [
          6.1611049,
          52.2572928
        ]
      },
      "id": "node/4530820007"
    },
    {
      "type": "Feature",
      "properties": {
        "@id": "node/4530820009",
        "addr:city": "Apeldoorn",
        "addr:housenumber": "12",
        "addr:postcode": "7311NZ",
        "addr:street": "Stationsplein",
        "alt_name": "Station Apeldoorn",
        "name": "Apeldoorn",
        "name:de": "Appeldorn",
        "name:nl": "Apeldoorn",
        "operator": "Nederlandse Spoorwegen",
        "public_transport": "station",
        "railway": "station",
        "railway:ref": "Apd",
        "source": "BAG",
        "source:date": "2017-05-26",
        "train": "yes",
        "uic_ref": "8400066",
        "wikidata": "Q800395",
        "wikipedia": "nl:Station Apeldoorn",
        "zone": "4055"
      },
      "geometry": {
        "type": "Point",
        "coordinates": [
          5.9689735,
          52.2092784
        ]
      },
      "id": "node/4530820009"
    },
    {
      "type": "Feature",
      "properties": {
        "@id": "node/4530820010",
        "name": "Almelo",
        "public_transport": "station",
        "railway": "station",
        "railway:ref": "Aml",
        "train": "yes",
        "uic_ref": "8400051",
        "wheelchair": "yes",
        "wikidata": "Q800372",
        "wikipedia": "nl:Station Almelo",
        "zone": "4550"
      },
      "geometry": {
        "type": "Point",
        "coordinates": [
          6.6544143,
          52.3577052
        ]
      },
      "id": "node/4530820010"
    },
    {
      "type": "Feature",
      "properties": {
        "@id": "node/4555433902",
        "departures_board": "realtime",
        "name": "Venlo",
        "name:ar": "فينلو",
        "name:nl": "Venlo",
        "operator": "Nederlandse Spoorwegen",
        "public_transport": "station",
        "railway": "station",
        "railway:ref": "Vl",
        "railway:ref:DB": "XNVL",
        "toilets:wheelchair": "yes",
        "train": "yes",
        "uic_ref": "8400644",
        "wheelchair": "yes",
        "wikidata": "Q632470",
        "wikimedia_commons": "Category:Station Venlo",
        "wikipedia": "nl:Station Venlo",
        "zone": "6900"
      },
      "geometry": {
        "type": "Point",
        "coordinates": [
          6.171433,
          51.3650504
        ]
      },
      "id": "node/4555433902"
    },
    {
      "type": "Feature",
      "properties": {
        "@id": "node/4555433905",
        "name": "Blerick",
        "public_transport": "station",
        "railway": "station",
        "railway:ref": "Br",
        "train": "yes",
        "wheelchair": "no",
        "wikidata": "Q2395063",
        "wikipedia": "nl:Station Blerick",
        "zone": "6911"
      },
      "geometry": {
        "type": "Point",
        "coordinates": [
          6.155296,
          51.3724162
        ]
      },
      "id": "node/4555433905"
    },
    {
      "type": "Feature",
      "properties": {
        "@id": "node/4555433907",
        "name": "Horst-Sevenum",
        "public_transport": "station",
        "railway": "station",
        "railway:ref": "Hrt",
        "train": "yes",
        "wikidata": "Q2803291",
        "wikipedia": "nl:Station Horst-Sevenum",
        "zone": "6931"
      },
      "geometry": {
        "type": "Point",
        "coordinates": [
          6.0413246,
          51.4270926
        ]
      },
      "id": "node/4555433907"
    },
    {
      "type": "Feature",
      "properties": {
        "@id": "node/4555433908",
        "name": "Deurne",
        "public_transport": "station",
        "railway": "station",
        "railway:ref": "Dn",
        "train": "yes",
        "wheelchair": "limited",
        "wikidata": "Q2003030",
        "wikipedia": "nl:Station Deurne (Nederland)",
        "zone": "6552"
      },
      "geometry": {
        "type": "Point",
        "coordinates": [
          5.7878984,
          51.4562278
        ]
      },
      "id": "node/4555433908"
    },
    {
      "type": "Feature",
      "properties": {
        "@id": "node/4555468696",
        "alt_name:-1999-05-30": "Almere Centraal Station",
        "name": "Almere Centrum",
        "old_name:-1999-05-30": "Almere CS",
        "operator": "NS",
        "public_transport": "station",
        "railway": "station",
        "railway:ref": "Alm",
        "start_date": "1987-05-30",
        "train": "yes",
        "wheelchair": "yes",
        "wikidata": "Q594100",
        "wikimedia_commons": "Category:Almere Centrum railway station",
        "wikipedia": "nl:Station Almere Centrum",
        "zone": "5865"
      },
      "geometry": {
        "type": "Point",
        "coordinates": [
          5.2193265,
          52.3752735
        ]
      },
      "id": "node/4555468696"
    },
    {
      "type": "Feature",
      "properties": {
        "@id": "node/4555498838",
        "name": "Den Helder Zuid",
        "public_transport": "station",
        "railway": "station",
        "railway:ref": "Hdrz",
        "train": "yes",
        "wheelchair": "limited",
        "wikidata": "Q1869640",
        "wikipedia": "nl:Station Den Helder Zuid",
        "zone": "3400"
      },
      "geometry": {
        "type": "Point",
        "coordinates": [
          4.7641527,
          52.9326177
        ]
      },
      "id": "node/4555498838"
    },
    {
      "type": "Feature",
      "properties": {
        "@id": "node/4570324738",
        "name": "Winschoten",
        "public_transport": "station",
        "railway": "station",
        "railway:ref": "Ws",
        "train": "yes",
        "wheelchair": "yes",
        "wikidata": "Q47295",
        "wikimedia_commons": "Category:Station Winschoten",
        "wikipedia": "nl:Station Winschoten",
        "zone": "1300"
      },
      "geometry": {
        "type": "Point",
        "coordinates": [
          7.0356099,
          53.139151
        ]
      },
      "id": "node/4570324738"
    },
    {
      "type": "Feature",
      "properties": {
        "@id": "node/4747648540",
        "loc_name": "Noorderstation",
        "name": "Groningen Noord",
        "public_transport": "station",
        "railway": "station",
        "railway:ref": "Gnn",
        "train": "yes",
        "wheelchair": "yes",
        "wikidata": "Q17941",
        "wikipedia": "nl:Station Groningen Noord",
        "zone": "1000"
      },
      "geometry": {
        "type": "Point",
        "coordinates": [
          6.5565819,
          53.2301283
        ]
      },
      "id": "node/4747648540"
    },
    {
      "type": "Feature",
      "properties": {
        "@id": "node/4864373374",
        "name": "Utrecht Leidsche Rijn",
        "public_transport": "station",
        "railway": "station",
        "railway:ref": "Utlr",
        "train": "yes",
        "wheelchair": "limited",
        "wikidata": "Q2163764",
        "wikipedia": "nl:Station Utrecht Leidsche Rijn",
        "zone": "5111"
      },
      "geometry": {
        "type": "Point",
        "coordinates": [
          5.0652431,
          52.0989682
        ]
      },
      "id": "node/4864373374"
    },
    {
      "type": "Feature",
      "properties": {
        "@id": "node/4942856206",
        "attraction": "minitrein",
        "name": "Pluimweide",
        "opening_hours": "Su 11:00-16:30",
        "railway": "station",
        "usage": "leisure"
      },
      "geometry": {
        "type": "Point",
        "coordinates": [
          3.9134595,
          51.4216751
        ]
      },
      "id": "node/4942856206"
    },
    {
      "type": "Feature",
      "properties": {
        "@id": "node/5252617525",
        "name": "Groningen Europapark",
        "public_transport": "station",
        "railway": "station",
        "railway:ref": "Gerp",
        "train": "yes",
        "wheelchair": "yes",
        "wikidata": "Q17939",
        "wikipedia": "nl:Station Groningen Europapark",
        "zone": "1000"
      },
      "geometry": {
        "type": "Point",
        "coordinates": [
          6.585821,
          53.2047056
        ]
      },
      "id": "node/5252617525"
    },
    {
      "type": "Feature",
      "properties": {
        "@id": "node/5252617526",
        "name": "Mantgum",
        "public_transport": "station",
        "railway": "station",
        "railway:ref": "Mg",
        "train": "yes",
        "wheelchair": "yes",
        "wikidata": "Q2914974",
        "wikipedia": "nl:Station Mantgum",
        "zone": "2233"
      },
      "geometry": {
        "type": "Point",
        "coordinates": [
          5.7132668,
          53.1297366
        ]
      },
      "id": "node/5252617526"
    },
    {
      "type": "Feature",
      "properties": {
        "@id": "node/5252716645",
        "addr:city": "Haarlem",
        "addr:housenumber": "1",
        "addr:postcode": "2011LR",
        "addr:street": "Stationsplein",
        "alt_name": "Haarlem NS",
        "building": "train_station",
        "image": "https://www.prorail.nl/siteassets/homepage/nieuws/haarlem-bouwdoek.jpg?width=1200&height=700&mode=crop",
        "internet_access": "wlan",
        "name": "Haarlem",
        "operator": "NS / ProRail",
        "operator:website": "https://www.ns.nl/stationsinformatie/hlm/haarlem",
        "public_transport": "station",
        "railway": "station",
        "railway:ref": "Hlm",
        "train": "yes",
        "wheelchair": "yes",
        "wikidata": "Q800863",
        "wikimedia_commons": "Category:Station Haarlem",
        "wikipedia": "nl:Station Haarlem",
        "zone": "5500"
      },
      "geometry": {
        "type": "Point",
        "coordinates": [
          4.6385788,
          52.3880778
        ]
      },
      "id": "node/5252716645"
    },
    {
      "type": "Feature",
      "properties": {
        "@id": "node/5252944882",
        "addr:city": "Amsterdam",
        "addr:country": "NL",
        "addr:housenumber": "10",
        "addr:street": "Zuidplein",
        "name": "Amsterdam Zuid",
        "network": "Hoofdrailnet Nederland",
        "network:short": "HRN",
        "network:wikidata": "Q2337464",
        "network:wikipedia": "nl:Hoofdrailnet",
        "old_name:1985-2006": "Amsterdam Zuid-WTC",
        "operator": "Nederlandse Spoorwegen",
        "public_transport": "station",
        "railway": "station",
        "railway:ref": "Asdz",
        "source": "BAG",
        "source:date": "2014-03-24",
        "start_date": "1978-12-21",
        "train": "yes",
        "website": "https://www.ns.nl/stationsinformatie/amsterdam-zuid.html",
        "wheelchair": "yes",
        "wikidata": "Q49872",
        "wikimedia_commons": "Category:Station Amsterdam Zuid",
        "wikipedia": "nl:Station Amsterdam Zuid"
      },
      "geometry": {
        "type": "Point",
        "coordinates": [
          4.8734324,
          52.3390172
        ]
      },
      "id": "node/5252944882"
    },
    {
      "type": "Feature",
      "properties": {
        "@id": "node/5260996738",
        "level": "-1",
        "name": "Best",
        "public_transport": "station",
        "railway": "station",
        "railway:ref": "Bet",
        "train": "yes",
        "wheelchair": "yes",
        "wikidata": "Q2670554",
        "wikipedia": "nl:Station Best"
      },
      "geometry": {
        "type": "Point",
        "coordinates": [
          5.3892206,
          51.5098165
        ]
      },
      "id": "node/5260996738"
    },
    {
      "type": "Feature",
      "properties": {
        "@id": "node/5311118145",
        "addr:city": "Maastricht",
        "addr:housenumber": "27",
        "addr:postcode": "6221BT",
        "addr:street": "Stationsplein",
        "name": "Maastricht",
        "operator": "ProRail;Nederlandse Spoorwegen;Arriva Personenvervoer Nederland",
        "operator:wikidata": "Q2316882;Q23076;Q2581356",
        "public_transport": "station",
        "railway": "station",
        "railway:ref": "Mt",
        "railway:ref:NMBS/SNCB": "XNMT",
        "station": "train",
        "train": "yes",
        "uic_ref": "8400424",
        "wheelchair": "yes",
        "wikidata": "Q689931",
        "wikimedia_commons": "Category:Station Maastricht",
        "wikipedia": "nl:Station Maastricht",
        "zone": "6650"
      },
      "geometry": {
        "type": "Point",
        "coordinates": [
          5.7052501,
          50.8501783
        ]
      },
      "id": "node/5311118145"
    },
    {
      "type": "Feature",
      "properties": {
        "@id": "node/5316997823",
        "name": "Kerkrade Centrum",
        "name:de": "Kirchrath Zentrum",
        "public_transport": "station",
        "railway": "station",
        "railway:ref": "Krd",
        "train": "yes",
        "wheelchair": "yes",
        "wikidata": "Q2462184",
        "wikimedia_commons": "Category:Station Kerkrade Centrum",
        "wikipedia": "nl:Station Kerkrade Centrum",
        "zone": "6627"
      },
      "geometry": {
        "type": "Point",
        "coordinates": [
          6.0572213,
          50.8613851
        ]
      },
      "id": "node/5316997823"
    },
    {
      "type": "Feature",
      "properties": {
        "@id": "node/5316997912",
        "name": "Landgraaf",
        "operator": "Arriva",
        "public_transport": "station",
        "railway": "station",
        "railway:ref": "Lg",
        "source": "AND",
        "train": "yes",
        "uic_ref": "8400548",
        "wheelchair": "yes",
        "wikidata": "Q2522892",
        "wikimedia_commons": "Category:Station Landgraaf",
        "wikipedia": "nl:Station Landgraaf",
        "zone": "6617"
      },
      "geometry": {
        "type": "Point",
        "coordinates": [
          6.0196861,
          50.896491
        ]
      },
      "id": "node/5316997912"
    },
    {
      "type": "Feature",
      "properties": {
        "@id": "node/5410560059",
        "alt_name": "BleiZo",
        "name": "Lansingerland-Zoetermeer",
        "public_transport": "station",
        "railway": "station",
        "railway:ref": "Llzm",
        "train": "yes",
        "tram": "yes",
        "website": "https://www.stationlansingerland-zoetermeer.nl/",
        "wheelchair": "yes",
        "wikidata": "Q2740322",
        "wikimedia_commons": "Category:Lansingerland-Zoetermeer train station",
        "wikipedia": "nl:Station Lansingerland-Zoetermeer"
      },
      "geometry": {
        "type": "Point",
        "coordinates": [
          4.5185034,
          52.0410702
        ]
      },
      "id": "node/5410560059"
    },
    {
      "type": "Feature",
      "properties": {
        "@id": "node/5661145776",
        "name": "Kampen Zuid",
        "public_transport": "station",
        "railway": "station",
        "railway:ref": "Kpnz",
        "train": "yes",
        "wheelchair": "yes",
        "wikidata": "Q5085816",
        "wikipedia": "nl:Station Kampen Zuid"
      },
      "geometry": {
        "type": "Point",
        "coordinates": [
          5.9132744,
          52.5329839
        ]
      },
      "id": "node/5661145776"
    },
    {
      "type": "Feature",
      "properties": {
        "@id": "node/5669443996",
        "name": "Doetinchem De Huet",
        "public_transport": "station",
        "railway": "station",
        "railway:ref": "Dtch",
        "ref": "1",
        "train": "yes",
        "wheelchair": "limited",
        "wikidata": "Q2597197",
        "wikipedia": "nl:Station Doetinchem De Huet",
        "zone": "4172"
      },
      "geometry": {
        "type": "Point",
        "coordinates": [
          6.2600315,
          51.9591802
        ]
      },
      "id": "node/5669443996"
    },
    {
      "type": "Feature",
      "properties": {
        "@id": "node/5687009081",
        "name": "Eygelshoven",
        "public_transport": "station",
        "railway": "station",
        "railway:ref": "Egh",
        "train": "yes",
        "wikidata": "Q2533036",
        "wikimedia_commons": "Category:Station Eygelshoven",
        "wikipedia": "nl:Station Eygelshoven",
        "zone": "6627"
      },
      "geometry": {
        "type": "Point",
        "coordinates": [
          6.0456023,
          50.8901122
        ]
      },
      "id": "node/5687009081"
    },
    {
      "type": "Feature",
      "properties": {
        "@id": "node/5687009082",
        "name": "Chevremont",
        "name:de": "Kaffenberg",
        "public_transport": "station",
        "railway": "station",
        "railway:ref": "Cvm",
        "train": "yes",
        "wikidata": "Q2993513",
        "wikimedia_commons": "Category:Station Chevremont",
        "wikipedia": "nl:Station Chevremont",
        "zone": "6627"
      },
      "geometry": {
        "type": "Point",
        "coordinates": [
          6.0595563,
          50.8762291
        ]
      },
      "id": "node/5687009082"
    },
    {
      "type": "Feature",
      "properties": {
        "@id": "node/5977673549",
        "name": "Zwolle Stadshagen",
        "operator": "NS",
        "public_transport": "station",
        "railway": "station",
        "railway:ref": "Zlsh",
        "toilets:wheelchair": "yes",
        "train": "yes",
        "wheelchair": "yes",
        "wikidata": "Q16547929",
        "wikipedia": "nl:Station Zwolle Stadshagen"
      },
      "geometry": {
        "type": "Point",
        "coordinates": [
          6.0512888,
          52.5278636
        ]
      },
      "id": "node/5977673549"
    },
    {
      "type": "Feature",
      "properties": {
        "@id": "node/6943877176",
        "name": "Delft Campus",
        "old_name:-2019-12-15": "Delft Zuid",
        "public_transport": "station",
        "railway": "station",
        "railway:ref": "Dtcp",
        "start_date": "1970-05-31",
        "train": "yes",
        "wheelchair": "yes",
        "wikidata": "Q2096609",
        "wikipedia": "nl:Station Delft Campus",
        "zone": "5426"
      },
      "geometry": {
        "type": "Point",
        "coordinates": [
          4.3646868,
          51.9911036
        ]
      },
      "id": "node/6943877176"
    },
    {
      "type": "Feature",
      "properties": {
        "@id": "node/7042618356",
        "name": "Bergen op Zoom",
        "public_transport": "station",
        "railway": "station",
        "railway:ref": "Bgn",
        "start_date": "1863-12-23",
        "train": "yes",
        "wikidata": "Q800468",
        "wikipedia": "nl:Station Bergen op Zoom",
        "zone": "7290"
      },
      "geometry": {
        "type": "Point",
        "coordinates": [
          4.2961899,
          51.4947862
        ]
      },
      "id": "node/7042618356"
    },
    {
      "type": "Feature",
      "properties": {
        "@id": "node/7045108268",
        "name": "Naarden-Bussum",
        "public_transport": "station",
        "railway": "station",
        "railway:ref": "Ndb",
        "train": "yes",
        "wheelchair": "yes",
        "wikidata": "Q575616",
        "wikipedia": "nl:Station Naarden-Bussum",
        "zone": "5851"
      },
      "geometry": {
        "type": "Point",
        "coordinates": [
          5.1571557,
          52.280646
        ]
      },
      "id": "node/7045108268"
    },
    {
      "type": "Feature",
      "properties": {
        "@id": "node/7045125861",
        "name": "Soestdijk",
        "public_transport": "station",
        "railway": "station",
        "railway:ref": "Sd",
        "train": "yes",
        "wheelchair": "limited",
        "wikidata": "Q2184799",
        "wikipedia": "nl:Station Soestdijk",
        "zone": "5952"
      },
      "geometry": {
        "type": "Point",
        "coordinates": [
          5.2999111,
          52.1838566
        ]
      },
      "id": "node/7045125861"
    },
    {
      "type": "Feature",
      "properties": {
        "@id": "node/7046777542",
        "name": "Martenshoek",
        "public_transport": "station",
        "railway": "station",
        "railway:ref": "Mth",
        "train": "yes",
        "wheelchair": "yes",
        "wikidata": "Q47247",
        "wikipedia": "nl:Station Martenshoek",
        "zone": "1255"
      },
      "geometry": {
        "type": "Point",
        "coordinates": [
          6.7405089,
          53.1608102
        ]
      },
      "id": "node/7046777542"
    },
    {
      "type": "Feature",
      "properties": {
        "@id": "node/7046777543",
        "name": "Kropswolde",
        "public_transport": "station",
        "railway": "station",
        "railway:ref": "Kw",
        "train": "yes",
        "wikidata": "Q47242",
        "wikimedia_commons": "Category:Station Kropswolde",
        "wikipedia": "nl:Station Kropswolde",
        "zone": "1255"
      },
      "geometry": {
        "type": "Point",
        "coordinates": [
          6.7229343,
          53.1615882
        ]
      },
      "id": "node/7046777543"
    },
    {
      "type": "Feature",
      "properties": {
        "@id": "node/7046796326",
        "name": "Wierden",
        "public_transport": "station",
        "railway": "station",
        "railway:ref": "Wdn",
        "train": "yes",
        "wheelchair": "yes",
        "wikidata": "Q801610",
        "wikipedia": "nl:Station Wierden",
        "zone": "4560"
      },
      "geometry": {
        "type": "Point",
        "coordinates": [
          6.5921524,
          52.36154
        ]
      },
      "id": "node/7046796326"
    },
    {
      "type": "Feature",
      "properties": {
        "@id": "node/7046802197",
        "name": "Vroomshoop",
        "public_transport": "station",
        "railway": "station",
        "railway:ref": "Vhp",
        "train": "yes",
        "wikidata": "Q2124986",
        "wikipedia": "nl:Station Vroomshoop",
        "zone": "4582"
      },
      "geometry": {
        "type": "Point",
        "coordinates": [
          6.5696271,
          52.457312
        ]
      },
      "id": "node/7046802197"
    },
    {
      "type": "Feature",
      "properties": {
        "@id": "node/7046834617",
        "name": "Rijssen",
        "public_transport": "station",
        "railway": "station",
        "railway:ref": "Rsn",
        "train": "yes",
        "wikidata": "Q3019791",
        "wikipedia": "nl:Station Rijssen",
        "zone": "4530"
      },
      "geometry": {
        "type": "Point",
        "coordinates": [
          6.5192167,
          52.3117493
        ]
      },
      "id": "node/7046834617"
    },
    {
      "type": "Feature",
      "properties": {
        "@id": "node/7047016903",
        "name": "Beek-Elsloo",
        "public_transport": "station",
        "railway": "station",
        "railway:ref": "Bk",
        "train": "yes",
        "wikidata": "Q2162451",
        "wikimedia_commons": "Category:Station Beek-Elsloo",
        "wikipedia": "nl:Station Beek-Elsloo",
        "zone": "6720"
      },
      "geometry": {
        "type": "Point",
        "coordinates": [
          5.7872368,
          50.9477918
        ]
      },
      "id": "node/7047016903"
    },
    {
      "type": "Feature",
      "properties": {
        "@id": "node/7047043027",
        "alt_name": "Maastricht Randwijck",
        "name": "Maastricht Randwyck",
        "operator": "ProRail;Arriva Personenvervoer Nederland",
        "operator:wikidata": "Q2316882;Q2581356",
        "public_transport": "station",
        "railway": "station",
        "railway:ref": "Mtr",
        "station": "train",
        "train": "yes",
        "uic_ref": "8400426",
        "wheelchair": "yes",
        "wikidata": "Q1935405",
        "wikimedia_commons": "Category:Station Maastricht Randwyck",
        "wikipedia": "nl:Station Maastricht Randwyck",
        "zone": "6649"
      },
      "geometry": {
        "type": "Point",
        "coordinates": [
          5.7176213,
          50.8376341
        ]
      },
      "id": "node/7047043027"
    },
    {
      "type": "Feature",
      "properties": {
        "@id": "node/7047065519",
        "name": "Hoensbroek",
        "public_transport": "station",
        "railway": "station",
        "railway:ref": "Hb",
        "train": "yes",
        "wikidata": "Q5876484",
        "wikimedia_commons": "Category:Station Hoensbroek",
        "wikipedia": "nl:Station Hoensbroek",
        "zone": "6621"
      },
      "geometry": {
        "type": "Point",
        "coordinates": [
          5.9302573,
          50.9055737
        ]
      },
      "id": "node/7047065519"
    },
    {
      "type": "Feature",
      "properties": {
        "@id": "node/7072277768",
        "name": "Eijsden",
        "operator": "ProRail",
        "operator:wikidata": "Q2316882",
        "platforms": "2",
        "public_transport": "station",
        "railway": "station",
        "railway:ref": "Edn",
        "station": "train",
        "train": "yes",
        "uic_ref": "8400219",
        "wikidata": "Q2508625",
        "wikimedia_commons": "Category:Station Eijsden",
        "wikipedia": "nl:Station Eijsden"
      },
      "geometry": {
        "type": "Point",
        "coordinates": [
          5.7100788,
          50.7720454
        ]
      },
      "id": "node/7072277768"
    },
    {
      "type": "Feature",
      "properties": {
        "@id": "node/7264686568",
        "name": "Driebergen-Zeist",
        "public_transport": "station",
        "railway": "station",
        "railway:ref": "Db",
        "train": "yes",
        "wheelchair": "yes",
        "wikidata": "Q800688",
        "wikipedia": "nl:Station Driebergen-Zeist",
        "zone": "5020"
      },
      "geometry": {
        "type": "Point",
        "coordinates": [
          5.2602392,
          52.0652455
        ]
      },
      "id": "node/7264686568"
    },
    {
      "type": "Feature",
      "properties": {
        "@id": "node/7279230075",
        "name": "Hoevelaken",
        "public_transport": "station",
        "railway": "station",
        "railway:ref": "Hvl",
        "train": "yes",
        "wheelchair": "yes",
        "wikidata": "Q2302483",
        "wikipedia": "nl:Station Hoevelaken"
      },
      "geometry": {
        "type": "Point",
        "coordinates": [
          5.4579565,
          52.1664319
        ]
      },
      "id": "node/7279230075"
    },
    {
      "type": "Feature",
      "properties": {
        "@id": "node/7413715348",
        "name": "Sauwerd",
        "public_transport": "station",
        "railway": "station",
        "railway:ref": "Swd",
        "train": "yes",
        "wikidata": "Q2409365",
        "wikipedia": "nl:Station Sauwerd",
        "zone": "1025"
      },
      "geometry": {
        "type": "Point",
        "coordinates": [
          6.540409,
          53.2915652
        ]
      },
      "id": "node/7413715348"
    },
    {
      "type": "Feature",
      "properties": {
        "@id": "node/7414160465",
        "name": "Bedum",
        "public_transport": "station",
        "railway": "station",
        "railway:ref": "Bdm",
        "train": "yes",
        "wheelchair": "yes",
        "wikidata": "Q2640247",
        "wikipedia": "nl:Station Bedum",
        "zone": "1074"
      },
      "geometry": {
        "type": "Point",
        "coordinates": [
          6.5927288,
          53.3069316
        ]
      },
      "id": "node/7414160465"
    },
    {
      "type": "Feature",
      "properties": {
        "@id": "node/7414168868",
        "name": "Warffum",
        "public_transport": "station",
        "railway": "station",
        "railway:ref": "Wfm",
        "train": "yes",
        "wikidata": "Q1960407",
        "wikipedia": "nl:Station Warffum",
        "zone": "1071"
      },
      "geometry": {
        "type": "Point",
        "coordinates": [
          6.5668637,
          53.3901502
        ]
      },
      "id": "node/7414168868"
    },
    {
      "type": "Feature",
      "properties": {
        "@id": "node/7414169084",
        "name": "Winsum",
        "public_transport": "station",
        "railway": "station",
        "railway:ref": "Wsm",
        "train": "yes",
        "wheelchair": "yes",
        "wikidata": "Q17961",
        "wikipedia": "nl:Station Winsum",
        "zone": "1027"
      },
      "geometry": {
        "type": "Point",
        "coordinates": [
          6.5203056,
          53.330093
        ]
      },
      "id": "node/7414169084"
    },
    {
      "type": "Feature",
      "properties": {
        "@id": "node/7414170256",
        "name": "Usquert",
        "public_transport": "station",
        "railway": "station",
        "railway:ref": "Ust",
        "train": "yes",
        "wikidata": "Q685978",
        "wikipedia": "nl:Station Usquert",
        "zone": "1071"
      },
      "geometry": {
        "type": "Point",
        "coordinates": [
          6.6095178,
          53.4009642
        ]
      },
      "id": "node/7414170256"
    },
    {
      "type": "Feature",
      "properties": {
        "@id": "node/7414170368",
        "name": "Stedum",
        "public_transport": "station",
        "railway": "station",
        "railway:ref": "Stm",
        "train": "yes",
        "wikidata": "Q2554779",
        "wikipedia": "nl:Station Stedum",
        "zone": "1075"
      },
      "geometry": {
        "type": "Point",
        "coordinates": [
          6.6873925,
          53.3263606
        ]
      },
      "id": "node/7414170368"
    },
    {
      "type": "Feature",
      "properties": {
        "@id": "node/7414177097",
        "name": "Loppersum",
        "public_transport": "station",
        "railway": "station",
        "railway:ref": "Lp",
        "train": "yes",
        "wikidata": "Q2214133",
        "wikimedia_commons": "Category:Station Loppersum",
        "wikipedia": "nl:Station Loppersum",
        "zone": "1065"
      },
      "geometry": {
        "type": "Point",
        "coordinates": [
          6.7474514,
          53.3347918
        ]
      },
      "id": "node/7414177097"
    },
    {
      "type": "Feature",
      "properties": {
        "@id": "node/7414187411",
        "name": "Delfzijl West",
        "old_name": "Delfzijl Noord",
        "public_transport": "station",
        "railway": "station",
        "railway:ref": "Dzw",
        "train": "yes",
        "wheelchair": "yes",
        "wikidata": "Q3148264",
        "wikipedia": "nl:Station Delfzijl West",
        "zone": "1060"
      },
      "geometry": {
        "type": "Point",
        "coordinates": [
          6.9070228,
          53.3320112
        ]
      },
      "id": "node/7414187411"
    },
    {
      "type": "Feature",
      "properties": {
        "@id": "node/7414196774",
        "name": "Delfzijl",
        "public_transport": "station",
        "railway": "station",
        "railway:ref": "Dz",
        "train": "yes",
        "wheelchair": "yes",
        "wikidata": "Q47229",
        "wikimedia_commons": "Category:Station Delfzijl",
        "wikipedia": "nl:Station Delfzijl",
        "zone": "1060"
      },
      "geometry": {
        "type": "Point",
        "coordinates": [
          6.9237352,
          53.3337339
        ]
      },
      "id": "node/7414196774"
    },
    {
      "type": "Feature",
      "properties": {
        "@id": "node/7414205076",
        "name": "Roodeschool",
        "name:fy": "Readeskoalle",
        "public_transport": "station",
        "railway": "station",
        "railway:ref": "Rd",
        "train": "yes",
        "wikidata": "Q47219",
        "wikipedia": "nl:Station Roodeschool",
        "zone": "1067"
      },
      "geometry": {
        "type": "Point",
        "coordinates": [
          6.7583767,
          53.4210157
        ]
      },
      "id": "node/7414205076"
    },
    {
      "type": "Feature",
      "properties": {
        "@id": "node/7414217648",
        "name": "Baflo",
        "public_transport": "station",
        "railway": "station",
        "railway:ref": "Bf",
        "train": "yes",
        "wikidata": "Q17960",
        "wikipedia": "nl:Station Baflo",
        "zone": "1047"
      },
      "geometry": {
        "type": "Point",
        "coordinates": [
          6.5188465,
          53.361054
        ]
      },
      "id": "node/7414217648"
    },
    {
      "type": "Feature",
      "properties": {
        "@id": "node/7414249859",
        "check_date:wheelchair": "2024-12-19",
        "name": "Uithuizen",
        "public_transport": "station",
        "railway": "station",
        "railway:ref": "Uhz",
        "train": "yes",
        "wheelchair": "yes",
        "wikidata": "Q1922139",
        "wikipedia": "nl:Station Uithuizen",
        "zone": "1070"
      },
      "geometry": {
        "type": "Point",
        "coordinates": [
          6.6746834,
          53.4096293
        ]
      },
      "id": "node/7414249859"
    },
    {
      "type": "Feature",
      "properties": {
        "@id": "node/7414263308",
        "name": "Uithuizermeeden",
        "public_transport": "station",
        "railway": "station",
        "railway:ref": "Uhm",
        "train": "yes",
        "wikidata": "Q2149192",
        "wikipedia": "nl:Station Uithuizermeeden",
        "zone": "1068"
      },
      "geometry": {
        "type": "Point",
        "coordinates": [
          6.7202534,
          53.4139462
        ]
      },
      "id": "node/7414263308"
    },
    {
      "type": "Feature",
      "properties": {
        "@id": "node/7414299354",
        "name": "Eemshaven",
        "public_transport": "station",
        "railway": "station",
        "railway:ref": "Eem",
        "train": "yes",
        "wheelchair": "yes",
        "wikidata": "Q2438647",
        "wikipedia": "nl:Station Eemshaven",
        "zone": "1080"
      },
      "geometry": {
        "type": "Point",
        "coordinates": [
          6.8308031,
          53.4586109
        ]
      },
      "id": "node/7414299354"
    },
    {
      "type": "Feature",
      "properties": {
        "@id": "node/7414300382",
        "name": "Hoogezand-Sappemeer",
        "public_transport": "station",
        "railway": "station",
        "railway:ref": "Hgz",
        "train": "yes",
        "wikidata": "Q47260",
        "wikipedia": "nl:Station Hoogezand-Sappemeer",
        "zone": "1260"
      },
      "geometry": {
        "type": "Point",
        "coordinates": [
          6.7709176,
          53.1597953
        ]
      },
      "id": "node/7414300382"
    },
    {
      "type": "Feature",
      "properties": {
        "@id": "node/7414323306",
        "name": "Scheemda",
        "public_transport": "station",
        "railway": "station",
        "railway:ref": "Sda",
        "train": "yes",
        "wheelchair": "yes",
        "wikidata": "Q47288",
        "wikipedia": "nl:Station Scheemda",
        "zone": "1302"
      },
      "geometry": {
        "type": "Point",
        "coordinates": [
          6.977959,
          53.1654348
        ]
      },
      "id": "node/7414323306"
    },
    {
      "type": "Feature",
      "properties": {
        "@id": "node/7414329623",
        "name": "Zuidbroek",
        "public_transport": "station",
        "railway": "station",
        "railway:ref": "Zb",
        "train": "yes",
        "wheelchair": "yes",
        "wikidata": "Q47283",
        "wikimedia_commons": "Category:Station Zuidbroek",
        "wikipedia": "nl:Station Zuidbroek",
        "zone": "1265"
      },
      "geometry": {
        "type": "Point",
        "coordinates": [
          6.8667625,
          53.1593423
        ]
      },
      "id": "node/7414329623"
    },
    {
      "type": "Feature",
      "properties": {
        "@id": "node/7414352883",
        "name": "Veendam",
        "network": "Regionaal spoorvervoer Fryslân en Groningen",
        "network:wikidata": "Q108742239",
        "not:network:wikidata": "Q108713758",
        "operator": "Arriva",
        "operator:wikidata": "Q2581356",
        "public_transport": "station",
        "railway": "station",
        "railway:ref": "Vdm",
        "train": "yes",
        "wheelchair": "yes",
        "wikidata": "Q801555",
        "wikipedia": "nl:Station Veendam"
      },
      "geometry": {
        "type": "Point",
        "coordinates": [
          6.8862686,
          53.1049958
        ]
      },
      "id": "node/7414352883"
    },
    {
      "type": "Feature",
      "properties": {
        "@id": "node/7414363761",
        "name": "Bad Nieuweschans",
        "name:de": "Bad Neuschanz",
        "public_transport": "station",
        "railway": "station",
        "railway:ref": "Nsch",
        "ref": "005",
        "train": "yes",
        "wheelchair": "yes",
        "wikidata": "Q47303",
        "wikipedia": "nl:Station Bad Nieuweschans",
        "zone": "1315"
      },
      "geometry": {
        "type": "Point",
        "coordinates": [
          7.2005246,
          53.1847702
        ]
      },
      "id": "node/7414363761"
    },
    {
      "type": "Feature",
      "properties": {
        "@id": "node/7510315998",
        "addr:city": "Eindhoven",
        "addr:housenumber": "202",
        "addr:postcode": "5611ZT",
        "addr:street": "Kennedyplein",
        "alt_name": "Station Eindhoven;Station Eindhoven Centraal",
        "name": "Eindhoven Centraal",
        "name:de": "Eindhoven Hauptbahnhof",
        "old_name:-2019-12-15": "Eindhoven",
        "public_transport": "station",
        "railway": "station",
        "railway:ref": "Ehv",
        "source": "BAG",
        "source:date": "2014-03-24",
        "start_date": "1866-07-01",
        "train": "yes",
        "wheelchair": "yes",
        "wikidata": "Q689942",
        "wikipedia": "nl:Station Eindhoven Centraal",
        "zone": "6400"
      },
      "geometry": {
        "type": "Point",
        "coordinates": [
          5.4795265,
          51.4429623
        ]
      },
      "id": "node/7510315998"
    },
    {
      "type": "Feature",
      "properties": {
        "@id": "node/7515219712",
        "name": "Oudenbosch",
        "platforms": "2",
        "public_transport": "station",
        "railway": "station",
        "railway:ref": "Odb",
        "train": "yes",
        "wheelchair": "yes",
        "wikidata": "Q2076385",
        "wikipedia": "nl:Station Oudenbosch",
        "zone": "7221"
      },
      "geometry": {
        "type": "Point",
        "coordinates": [
          4.5334608,
          51.5878989
        ]
      },
      "id": "node/7515219712"
    },
    {
      "type": "Feature",
      "properties": {
        "@id": "node/7515219713",
        "name": "Zevenbergen",
        "public_transport": "station",
        "railway": "station",
        "railway:ref": "Zvb",
        "train": "yes",
        "wikidata": "Q1975582",
        "wikipedia": "nl:Station Zevenbergen"
      },
      "geometry": {
        "type": "Point",
        "coordinates": [
          4.6100851,
          51.6413438
        ]
      },
      "id": "node/7515219713"
    },
    {
      "type": "Feature",
      "properties": {
        "@id": "node/7515219803",
        "name": "Maarheeze",
        "public_transport": "station",
        "railway": "station",
        "railway:ref": "Mz",
        "train": "yes",
        "wikidata": "Q2599924",
        "wikipedia": "nl:Station Maarheeze"
      },
      "geometry": {
        "type": "Point",
        "coordinates": [
          5.6303829,
          51.3042309
        ]
      },
      "id": "node/7515219803"
    },
    {
      "type": "Feature",
      "properties": {
        "@id": "node/7515219804",
        "name": "Heeze",
        "public_transport": "station",
        "railway": "station",
        "railway:ref": "Hze",
        "train": "yes",
        "wheelchair": "yes",
        "wikidata": "Q1922272",
        "wikipedia": "nl:Station Heeze"
      },
      "geometry": {
        "type": "Point",
        "coordinates": [
          5.5694204,
          51.3853329
        ]
      },
      "id": "node/7515219804"
    },
    {
      "type": "Feature",
      "properties": {
        "@id": "node/7515233169",
        "name": "Lage Zwaluwe",
        "public_transport": "station",
        "railway": "station",
        "railway:ref": "Zlw",
        "train": "yes",
        "wikidata": "Q2689623",
        "wikipedia": "nl:Station Lage Zwaluwe"
      },
      "geometry": {
        "type": "Point",
        "coordinates": [
          4.6637116,
          51.6901564
        ]
      },
      "id": "node/7515233169"
    },
    {
      "type": "Feature",
      "properties": {
        "@id": "node/7515233170",
        "addr:city": "Breda",
        "addr:housenumber": "15",
        "addr:street": "Westerhagelaan",
        "name": "Breda-Prinsenbeek",
        "public_transport": "station",
        "railway": "station",
        "railway:ref": "Bdpb",
        "train": "yes",
        "wheelchair": "yes",
        "wikidata": "Q3084420",
        "wikipedia": "nl:Station Breda-Prinsenbeek"
      },
      "geometry": {
        "type": "Point",
        "coordinates": [
          4.7214222,
          51.6057193
        ]
      },
      "id": "node/7515233170"
    },
    {
      "type": "Feature",
      "properties": {
        "@id": "node/7515240586",
        "name": "Oisterwijk",
        "public_transport": "station",
        "railway": "station",
        "railway:ref": "Ot",
        "train": "yes",
        "wikidata": "Q2491009",
        "wikipedia": "nl:Station Oisterwijk"
      },
      "geometry": {
        "type": "Point",
        "coordinates": [
          5.193898,
          51.5821442
        ]
      },
      "id": "node/7515240586"
    },
    {
      "type": "Feature",
      "properties": {
        "@id": "node/7515242512",
        "name": "Dordrecht Zuid",
        "public_transport": "station",
        "railway": "station",
        "railway:ref": "Ddzd",
        "train": "yes",
        "wikidata": "Q2229711",
        "wikipedia": "nl:Station Dordrecht Zuid",
        "zone": "5360"
      },
      "geometry": {
        "type": "Point",
        "coordinates": [
          4.6715744,
          51.79017
        ]
      },
      "id": "node/7515242512"
    },
    {
      "type": "Feature",
      "properties": {
        "@id": "node/7515245054",
        "name": "Vlissingen Souburg",
        "public_transport": "station",
        "railway": "station",
        "railway:ref": "Vss",
        "start_date": "1986-05-31",
        "train": "yes",
        "wheelchair": "yes",
        "wikidata": "Q801569",
        "wikipedia": "nl:Station Vlissingen Souburg",
        "zone": "7660"
      },
      "geometry": {
        "type": "Point",
        "coordinates": [
          3.5950865,
          51.4647139
        ]
      },
      "id": "node/7515245054"
    },
    {
      "type": "Feature",
      "properties": {
        "@id": "node/7515245055",
        "name": "Middelburg",
        "public_transport": "station",
        "railway": "station",
        "railway:ref": "Mdb",
        "start_date": "1872-03",
        "train": "yes",
        "wikidata": "Q801182",
        "wikipedia": "nl:Station Middelburg",
        "zone": "7650"
      },
      "geometry": {
        "type": "Point",
        "coordinates": [
          3.6181236,
          51.4952465
        ]
      },
      "id": "node/7515245055"
    },
    {
      "type": "Feature",
      "properties": {
        "@id": "node/7515245056",
        "name": "Arnemuiden",
        "public_transport": "station",
        "railway": "station",
        "railway:ref": "Arn",
        "start_date": "1872-03",
        "train": "yes",
        "wikidata": "Q800400",
        "wikipedia": "nl:Station Arnemuiden",
        "zone": "7640"
      },
      "geometry": {
        "type": "Point",
        "coordinates": [
          3.6695432,
          51.5015317
        ]
      },
      "id": "node/7515245056"
    },
    {
      "type": "Feature",
      "properties": {
        "@id": "node/7515245057",
        "name": "Goes",
        "name:ar": "خوس",
        "name:fa": "خوس",
        "public_transport": "station",
        "railway": "station",
        "railway:ref": "Gs",
        "start_date": "1868-07-01",
        "train": "yes",
        "wikidata": "Q615222",
        "wikipedia": "nl:Station Goes",
        "zone": "7600"
      },
      "geometry": {
        "type": "Point",
        "coordinates": [
          3.8893972,
          51.498193
        ]
      },
      "id": "node/7515245057"
    },
    {
      "type": "Feature",
      "properties": {
        "@id": "node/7515245058",
        "name": "Kapelle-Biezelinge",
        "public_transport": "station",
        "railway": "station",
        "railway:ref": "Bzl",
        "start_date": "1868-07",
        "train": "yes",
        "wikidata": "Q800985",
        "wikipedia": "nl:Station Kapelle-Biezelinge",
        "zone": "7712"
      },
      "geometry": {
        "type": "Point",
        "coordinates": [
          3.9566104,
          51.4805125
        ]
      },
      "id": "node/7515245058"
    },
    {
      "type": "Feature",
      "properties": {
        "@id": "node/7515262034",
        "name": "Kruiningen-Yerseke",
        "public_transport": "station",
        "railway": "station",
        "railway:ref": "Krg",
        "start_date": "1868-07",
        "train": "yes",
        "wikidata": "Q801039",
        "wikipedia": "nl:Station Kruiningen-Yerseke",
        "zone": "7737"
      },
      "geometry": {
        "type": "Point",
        "coordinates": [
          4.037626,
          51.4650521
        ]
      },
      "id": "node/7515262034"
    },
    {
      "type": "Feature",
      "properties": {
        "@id": "node/7515262035",
        "name": "Krabbendijke",
        "public_transport": "station",
        "railway": "station",
        "railway:ref": "Kbd",
        "start_date": "1868-07",
        "train": "yes",
        "wikidata": "Q801036",
        "wikipedia": "nl:Station Krabbendijke",
        "zone": "7757"
      },
      "geometry": {
        "type": "Point",
        "coordinates": [
          4.1171144,
          51.4333216
        ]
      },
      "id": "node/7515262035"
    },
    {
      "type": "Feature",
      "properties": {
        "@id": "node/7515262036",
        "name": "Rilland-Bath",
        "public_transport": "station",
        "railway": "station",
        "railway:ref": "Rb",
        "start_date": "1872",
        "train": "yes",
        "wikidata": "Q3097420",
        "wikipedia": "nl:Station Rilland-Bath"
      },
      "geometry": {
        "type": "Point",
        "coordinates": [
          4.1607921,
          51.4226196
        ]
      },
      "id": "node/7515262036"
    },
    {
      "type": "Feature",
      "properties": {
        "@id": "node/7537808626",
        "name": "Nijmegen Heyendaal",
        "public_transport": "station",
        "railway": "station",
        "railway:ref": "Nmh",
        "train": "yes",
        "wheelchair": "limited",
        "wikidata": "Q1960492",
        "wikimedia_commons": "Category:Station Nijmegen Heyendaal",
        "wikipedia": "nl:Station Nijmegen Heyendaal",
        "zone": "6000"
      },
      "geometry": {
        "type": "Point",
        "coordinates": [
          5.8679526,
          51.8267778
        ]
      },
      "id": "node/7537808626"
    },
    {
      "type": "Feature",
      "properties": {
        "@id": "node/7537808627",
        "name": "Mook-Molenhoek",
        "public_transport": "station",
        "railway": "station",
        "railway:ref": "Mmlh",
        "train": "yes",
        "wheelchair": "yes",
        "wikidata": "Q2702631",
        "wikipedia": "nl:Station Mook-Molenhoek",
        "zone": "6020"
      },
      "geometry": {
        "type": "Point",
        "coordinates": [
          5.8789752,
          51.7665425
        ]
      },
      "id": "node/7537808627"
    },
    {
      "type": "Feature",
      "properties": {
        "@id": "node/7537810675",
        "name": "Oss",
        "public_transport": "station",
        "railway": "station",
        "railway:ref": "O",
        "train": "yes",
        "wheelchair": "yes",
        "wikidata": "Q801301",
        "wikipedia": "nl:Station Oss"
      },
      "geometry": {
        "type": "Point",
        "coordinates": [
          5.531271,
          51.7652868
        ]
      },
      "id": "node/7537810675"
    },
    {
      "type": "Feature",
      "properties": {
        "@id": "node/7537818602",
        "name": "Cuijk",
        "public_transport": "station",
        "railway": "station",
        "railway:ref": "Ck",
        "train": "yes",
        "website": "https://www.ns.nl/en/stations/cuijk.html",
        "wheelchair": "yes",
        "wikidata": "Q2478972",
        "wikimedia_commons": "File:Station Cuijk (2023)-3.jpg",
        "wikipedia": "nl:Station Cuijk",
        "zone": "6034"
      },
      "geometry": {
        "type": "Point",
        "coordinates": [
          5.8741958,
          51.7266248
        ]
      },
      "id": "node/7537818602"
    },
    {
      "type": "Feature",
      "properties": {
        "@id": "node/7537872516",
        "name": "Tegelen",
        "public_transport": "station",
        "railway": "station",
        "railway:ref": "Tg",
        "train": "yes",
        "wikidata": "Q3512428",
        "wikipedia": "nl:Station Tegelen",
        "zone": "6915"
      },
      "geometry": {
        "type": "Point",
        "coordinates": [
          6.1433761,
          51.3392858
        ]
      },
      "id": "node/7537872516"
    },
    {
      "type": "Feature",
      "properties": {
        "@id": "node/7537872517",
        "name": "Reuver",
        "public_transport": "station",
        "railway": "station",
        "railway:ref": "Rv",
        "train": "yes",
        "wheelchair": "yes",
        "wikidata": "Q7317659",
        "wikipedia": "nl:Station Reuver",
        "zone": "6935"
      },
      "geometry": {
        "type": "Point",
        "coordinates": [
          6.0794073,
          51.2829798
        ]
      },
      "id": "node/7537872517"
    },
    {
      "type": "Feature",
      "properties": {
        "@id": "node/7537872518",
        "name": "Swalmen",
        "public_transport": "station",
        "railway": "station",
        "railway:ref": "Sm",
        "train": "yes",
        "wikidata": "Q1847461",
        "wikipedia": "nl:Station Swalmen",
        "zone": "6815"
      },
      "geometry": {
        "type": "Point",
        "coordinates": [
          6.0315749,
          51.2354149
        ]
      },
      "id": "node/7537872518"
    },
    {
      "type": "Feature",
      "properties": {
        "@id": "node/7537874944",
        "name": "Geleen Oost",
        "operator": "NS",
        "platforms": "2",
        "public_transport": "station",
        "railway": "station",
        "railway:ref": "Gln",
        "train": "yes",
        "wheelchair": "yes",
        "wikidata": "Q2677839",
        "wikimedia_commons": "Category:Station Geleen Oost",
        "wikipedia": "nl:Station Geleen Oost",
        "zone": "6710"
      },
      "geometry": {
        "type": "Point",
        "coordinates": [
          5.8431636,
          50.9670581
        ]
      },
      "id": "node/7537874944"
    },
    {
      "type": "Feature",
      "properties": {
        "@id": "node/7537874945",
        "addr:city": "Geleen",
        "addr:housenumber": "8",
        "addr:postcode": "6162XK",
        "addr:street": "Minister Ruysstraat",
        "name": "Geleen-Lutterade",
        "platforms": "2",
        "public_transport": "station",
        "railway": "station",
        "railway:ref": "Lut",
        "train": "yes",
        "wheelchair": "yes",
        "wikidata": "Q4488585",
        "wikimedia_commons": "Category:Station Geleen-Lutterade",
        "wikipedia": "nl:Station Geleen-Lutterade",
        "zone": "6710"
      },
      "geometry": {
        "type": "Point",
        "coordinates": [
          5.8244583,
          50.9753479
        ]
      },
      "id": "node/7537874945"
    },
    {
      "type": "Feature",
      "properties": {
        "@id": "node/7537874946",
        "name": "Echt",
        "public_transport": "station",
        "railway": "station",
        "railway:ref": "Ec",
        "train": "yes",
        "wheelchair": "yes",
        "wikidata": "Q745480",
        "wikipedia": "nl:Station Echt",
        "zone": "6835"
      },
      "geometry": {
        "type": "Point",
        "coordinates": [
          5.8788214,
          51.1001607
        ]
      },
      "id": "node/7537874946"
    },
    {
      "type": "Feature",
      "properties": {
        "@id": "node/7537897481",
        "addr:city": "Maastricht",
        "addr:housenumber": "20",
        "addr:postcode": "6222ND",
        "addr:street": "Kanjelpad",
        "name": "Maastricht Noord",
        "operator": "ProRail;Arriva Personenvervoer Nederland",
        "operator:wikidata": "Q2316882;Q2581356",
        "public_transport": "station",
        "railway": "station",
        "railway:ref": "Mtn",
        "station": "train",
        "train": "yes",
        "uic_ref": "8400449",
        "wikidata": "Q2024081",
        "wikimedia_commons": "Category:Station Maastricht Noord",
        "wikipedia": "nl:Station Maastricht Noord"
      },
      "geometry": {
        "type": "Point",
        "coordinates": [
          5.7175501,
          50.8705194
        ]
      },
      "id": "node/7537897481"
    },
    {
      "type": "Feature",
      "properties": {
        "@id": "node/7537897482",
        "name": "Bunde",
        "public_transport": "station",
        "railway": "station",
        "railway:ref": "Bde",
        "train": "yes",
        "wikidata": "Q1947123",
        "wikimedia_commons": "Category:Station Bunde",
        "wikipedia": "nl:Station Bunde (Nederland)",
        "zone": "6740"
      },
      "geometry": {
        "type": "Point",
        "coordinates": [
          5.7366435,
          50.8967761
        ]
      },
      "id": "node/7537897482"
    },
    {
      "type": "Feature",
      "properties": {
        "@id": "node/7537897483",
        "name": "Houthem-Sint Gerlach",
        "operator": "ProRail;Arriva Personenvervoer Nederland",
        "operator:wikidata": "Q2316882;Q2581356",
        "public_transport": "station",
        "railway": "station",
        "railway:ref": "Sgl",
        "station": "train",
        "train": "yes",
        "uic_ref": "8400341",
        "wheelchair": "yes",
        "wikidata": "Q511637",
        "wikimedia_commons": "Category:Station Houthem-Sint Gerlach",
        "wikipedia": "nl:Station Houthem-Sint Gerlach",
        "zone": "6632"
      },
      "geometry": {
        "type": "Point",
        "coordinates": [
          5.7966263,
          50.8733866
        ]
      },
      "id": "node/7537897483"
    },
    {
      "type": "Feature",
      "properties": {
        "@id": "node/7537897484",
        "name": "Voerendaal",
        "public_transport": "station",
        "railway": "station",
        "railway:ref": "Vdl",
        "train": "yes",
        "wheelchair": "yes",
        "wikidata": "Q2090962",
        "wikimedia_commons": "Category:Station Voerendaal",
        "wikipedia": "nl:Station Voerendaal",
        "zone": "6610"
      },
      "geometry": {
        "type": "Point",
        "coordinates": [
          5.9294168,
          50.8868406
        ]
      },
      "id": "node/7537897484"
    },
    {
      "type": "Feature",
      "properties": {
        "@id": "node/7537918485",
        "name": "Klimmen-Ransdaal",
        "public_transport": "station",
        "railway": "station",
        "railway:ref": "Kmr",
        "train": "yes",
        "wheelchair": "yes",
        "wikidata": "Q2329991",
        "wikimedia_commons": "Category:Station Klimmen-Ransdaal",
        "wikipedia": "nl:Station Klimmen-Ransdaal",
        "zone": "6620"
      },
      "geometry": {
        "type": "Point",
        "coordinates": [
          5.8901666,
          50.8662625
        ]
      },
      "id": "node/7537918485"
    },
    {
      "type": "Feature",
      "properties": {
        "@id": "node/7537918486",
        "name": "Schin op Geul",
        "public_transport": "station",
        "railway": "station",
        "railway:ref": "Sog",
        "train": "yes",
        "wheelchair": "yes",
        "wikidata": "Q2684360",
        "wikimedia_commons": "Category:Station Schin op Geul",
        "wikipedia": "nl:Station Schin op Geul",
        "zone": "6620"
      },
      "geometry": {
        "type": "Point",
        "coordinates": [
          5.8720575,
          50.8562824
        ]
      },
      "id": "node/7537918486"
    },
    {
      "type": "Feature",
      "properties": {
        "@id": "node/7606436203",
        "name": "Beesd",
        "public_transport": "station",
        "railway": "station",
        "railway:ref": "Bsd",
        "train": "yes",
        "wikidata": "Q2530736",
        "wikipedia": "nl:Station Beesd",
        "zone": "6166"
      },
      "geometry": {
        "type": "Point",
        "coordinates": [
          5.1958729,
          51.8994088
        ]
      },
      "id": "node/7606436203"
    },
    {
      "type": "Feature",
      "properties": {
        "@id": "node/7606436204",
        "name": "Leerdam",
        "public_transport": "station",
        "railway": "station",
        "railway:ref": "Ldm",
        "train": "yes",
        "wikidata": "Q3062624",
        "wikipedia": "nl:Station Leerdam"
      },
      "geometry": {
        "type": "Point",
        "coordinates": [
          5.0927911,
          51.8946156
        ]
      },
      "id": "node/7606436204"
    },
    {
      "type": "Feature",
      "properties": {
        "@id": "node/7606436205",
        "name": "Boven Hardinxveld",
        "public_transport": "station",
        "railway": "station",
        "railway:ref": "Bhdv",
        "train": "yes",
        "wikidata": "Q641454",
        "wikipedia": "nl:Station Boven Hardinxveld"
      },
      "geometry": {
        "type": "Point",
        "coordinates": [
          4.8785268,
          51.8323509
        ]
      },
      "id": "node/7606436205"
    },
    {
      "type": "Feature",
      "properties": {
        "@id": "node/7606436206",
        "name": "Hardinxveld Blauwe Zoom",
        "public_transport": "station",
        "railway": "station",
        "railway:ref": "Hbzm",
        "train": "yes",
        "wikidata": "Q2173319",
        "wikipedia": "nl:Station Hardinxveld Blauwe Zoom"
      },
      "geometry": {
        "type": "Point",
        "coordinates": [
          4.8157538,
          51.8295797
        ]
      },
      "id": "node/7606436206"
    },
    {
      "type": "Feature",
      "properties": {
        "@id": "node/7606436207",
        "internet_access": "no",
        "name": "Sliedrecht",
        "operator": "Qbuzz",
        "public_transport": "station",
        "railway": "station",
        "railway:ref": "Sdt",
        "train": "yes",
        "wheelchair": "yes",
        "wikidata": "Q2518670",
        "wikipedia": "nl:Station Sliedrecht",
        "zone": "5365"
      },
      "geometry": {
        "type": "Point",
        "coordinates": [
          4.7782401,
          51.8296105
        ]
      },
      "id": "node/7606436207"
    },
    {
      "type": "Feature",
      "properties": {
        "@id": "node/7606436208",
        "internet_access": "no",
        "name": "Sliedrecht Baanhoek",
        "public_transport": "station",
        "railway": "station",
        "railway:ref": "Sdtb",
        "train": "yes",
        "website": "http://www.merwedelingelijn.nl/stations/sliedrecht-baanhoek/",
        "wheelchair": "yes",
        "wikidata": "Q2751367",
        "wikipedia": "nl:Station Sliedrecht Baanhoek"
      },
      "geometry": {
        "type": "Point",
        "coordinates": [
          4.7429954,
          51.8293478
        ]
      },
      "id": "node/7606436208"
    },
    {
      "type": "Feature",
      "properties": {
        "@id": "node/7606436209",
        "name": "Dordrecht Stadspolders",
        "public_transport": "station",
        "railway": "station",
        "railway:ref": "Ddrs",
        "train": "yes",
        "wikidata": "Q2231426",
        "wikipedia": "nl:Station Dordrecht Stadspolders"
      },
      "geometry": {
        "type": "Point",
        "coordinates": [
          4.7162093,
          51.8019721
        ]
      },
      "id": "node/7606436209"
    },
    {
      "type": "Feature",
      "properties": {
        "@id": "node/7606470021",
        "name": "Ruurlo",
        "public_transport": "station",
        "railway": "station",
        "railway:ref": "Rl",
        "train": "yes",
        "wheelchair": "yes",
        "wikidata": "Q2770993",
        "wikipedia": "nl:Station Ruurlo",
        "zone": "4481"
      },
      "geometry": {
        "type": "Point",
        "coordinates": [
          6.4499208,
          52.0807573
        ]
      },
      "id": "node/7606470021"
    },
    {
      "type": "Feature",
      "properties": {
        "@id": "node/7606470022",
        "name": "Winterswijk West",
        "name:de": "Winterswick West",
        "name:nl": "Winterswijk West",
        "public_transport": "station",
        "railway": "station",
        "railway:ref": "Www",
        "train": "yes",
        "wheelchair": "yes",
        "wikidata": "Q2107527",
        "wikipedia": "nl:Station Winterswijk West"
      },
      "geometry": {
        "type": "Point",
        "coordinates": [
          6.7040281,
          51.9745937
        ]
      },
      "id": "node/7606470022"
    },
    {
      "type": "Feature",
      "properties": {
        "@id": "node/7606470023",
        "name": "Winterswijk",
        "name:de": "Winterswick",
        "name:nl": "Winterswijk",
        "public_transport": "station",
        "railway": "station",
        "railway:ref": "Ww",
        "train": "yes",
        "wheelchair": "yes",
        "wikidata": "Q173829",
        "wikipedia": "nl:Station Winterswijk",
        "zone": "4240"
      },
      "geometry": {
        "type": "Point",
        "coordinates": [
          6.7147769,
          51.968013
        ]
      },
      "id": "node/7606470023"
    },
    {
      "type": "Feature",
      "properties": {
        "@id": "node/7606470024",
        "name": "Aalten",
        "public_transport": "station",
        "railway": "station",
        "railway:ref": "Atn",
        "toilets:wheelchair": "no",
        "train": "yes",
        "wheelchair": "limited",
        "wheelchair:description": "Oprit naar spoor vrij stijl. Spoor niet aan beide zijden toegankelijk voor rolstoel. Er zit een te grote afstand tussen perron en trein. Wel voor electrische rolstoel. Aalten - Arnhem niet toegankelijk Arnhem- Aalten wel toegankelijk.",
        "wikidata": "Q2351304",
        "wikipedia": "nl:Station Aalten",
        "zone": "4222"
      },
      "geometry": {
        "type": "Point",
        "coordinates": [
          6.5787107,
          51.9213392
        ]
      },
      "id": "node/7606470024"
    },
    {
      "type": "Feature",
      "properties": {
        "@id": "node/7606470025",
        "name": "Varsseveld",
        "operator": "Arriva",
        "public_transport": "station",
        "railway": "station",
        "railway:ref": "Vsv",
        "train": "yes",
        "wikidata": "Q4866021",
        "wikimedia_commons": "Category:Varsseveld railway station",
        "wikipedia": "nl:Station Varsseveld",
        "zone": "4402"
      },
      "geometry": {
        "type": "Point",
        "coordinates": [
          6.4584952,
          51.9372071
        ]
      },
      "id": "node/7606470025"
    },
    {
      "type": "Feature",
      "properties": {
        "@id": "node/7606487747",
        "name": "Terborg",
        "public_transport": "station",
        "railway": "station",
        "railway:ref": "Tbg",
        "train": "yes",
        "wikidata": "Q1982563",
        "wikipedia": "nl:Station Terborg",
        "zone": "4192"
      },
      "geometry": {
        "type": "Point",
        "coordinates": [
          6.3642821,
          51.9226255
        ]
      },
      "id": "node/7606487747"
    },
    {
      "type": "Feature",
      "properties": {
        "@id": "node/7606487748",
        "name": "Doetinchem",
        "public_transport": "station",
        "railway": "station",
        "railway:ref": "Dtc",
        "train": "yes",
        "wheelchair": "limited",
        "wikidata": "Q2332128",
        "wikipedia": "nl:Station Doetinchem",
        "zone": "4172"
      },
      "geometry": {
        "type": "Point",
        "coordinates": [
          6.295763,
          51.9584492
        ]
      },
      "id": "node/7606487748"
    },
    {
      "type": "Feature",
      "properties": {
        "@id": "node/7606487749",
        "name": "Wehl",
        "public_transport": "station",
        "railway": "station",
        "railway:ref": "Wl",
        "train": "yes",
        "wheelchair": "yes",
        "wikidata": "Q2535239",
        "wikipedia": "nl:Station Wehl",
        "zone": "4149"
      },
      "geometry": {
        "type": "Point",
        "coordinates": [
          6.2137189,
          51.9571754
        ]
      },
      "id": "node/7606487749"
    },
    {
      "type": "Feature",
      "properties": {
        "@id": "node/7606487750",
        "name": "Didam",
        "public_transport": "station",
        "railway": "station",
        "railway:ref": "Did",
        "train": "yes",
        "wikidata": "Q2778847",
        "wikipedia": "nl:Station Didam",
        "zone": "4147"
      },
      "geometry": {
        "type": "Point",
        "coordinates": [
          6.1324299,
          51.9333033
        ]
      },
      "id": "node/7606487750"
    },
    {
      "type": "Feature",
      "properties": {
        "@id": "node/7606516674",
        "name": "Oosterbeek",
        "public_transport": "station",
        "railway": "station",
        "railway:ref": "Otb",
        "train": "yes",
        "wheelchair": "yes",
        "wikidata": "Q1831078",
        "wikipedia": "nl:Station Oosterbeek",
        "zone": "4010"
      },
      "geometry": {
        "type": "Point",
        "coordinates": [
          5.8404874,
          51.9947831
        ]
      },
      "id": "node/7606516674"
    },
    {
      "type": "Feature",
      "properties": {
        "@id": "node/7606517378",
        "name": "Twello",
        "public_transport": "station",
        "railway": "station",
        "railway:ref": "Twl",
        "train": "yes",
        "wheelchair": "yes",
        "wikidata": "Q3922575",
        "wikipedia": "nl:Station Twello",
        "zone": "4170"
      },
      "geometry": {
        "type": "Point",
        "coordinates": [
          6.1007009,
          52.2383228
        ]
      },
      "id": "node/7606517378"
    },
    {
      "type": "Feature",
      "properties": {
        "@id": "node/7606517379",
        "name": "Apeldoorn Osseveld",
        "public_transport": "station",
        "railway": "station",
        "railway:ref": "Apdo",
        "train": "yes",
        "wheelchair": "yes",
        "wikidata": "Q2442194",
        "wikipedia": "nl:Station Apeldoorn Osseveld",
        "zone": "4055"
      },
      "geometry": {
        "type": "Point",
        "coordinates": [
          6.0061053,
          52.2157325
        ]
      },
      "id": "node/7606517379"
    },
    {
      "type": "Feature",
      "properties": {
        "@id": "node/7606517380",
        "covered": "yes",
        "name": "Apeldoorn De Maten",
        "public_transport": "station",
        "railway": "station",
        "railway:ref": "Apdm",
        "train": "yes",
        "wheelchair": "yes",
        "wikidata": "Q4779328",
        "wikipedia": "nl:Station Apeldoorn De Maten",
        "zone": "4045"
      },
      "geometry": {
        "type": "Point",
        "coordinates": [
          6.0006634,
          52.2052214
        ]
      },
      "id": "node/7606517380"
    },
    {
      "type": "Feature",
      "properties": {
        "@id": "node/7606517381",
        "name": "Klarenbeek",
        "public_transport": "station",
        "railway": "station",
        "railway:ref": "Kbk",
        "train": "yes",
        "wheelchair": "yes",
        "wikidata": "Q2397286",
        "wikipedia": "nl:Station Klarenbeek",
        "zone": "4166"
      },
      "geometry": {
        "type": "Point",
        "coordinates": [
          6.0842046,
          52.1780369
        ]
      },
      "id": "node/7606517381"
    },
    {
      "type": "Feature",
      "properties": {
        "@id": "node/7606517382",
        "ele": "4.93",
        "name": "Voorst-Empe",
        "public_transport": "station",
        "railway": "station",
        "railway:ref": "Vem",
        "train": "yes",
        "wikidata": "Q2796813",
        "wikipedia": "nl:Station Voorst-Empe",
        "zone": "4176"
      },
      "geometry": {
        "type": "Point",
        "coordinates": [
          6.1439192,
          52.1575224
        ]
      },
      "id": "node/7606517382"
    },
    {
      "type": "Feature",
      "properties": {
        "@id": "node/7606517383",
        "name": "Arnhem Presikhaaf",
        "public_transport": "station",
        "railway": "station",
        "railway:ref": "Ahpr",
        "train": "yes",
        "wikidata": "Q2356392",
        "wikipedia": "nl:Station Arnhem Presikhaaf",
        "zone": "4000"
      },
      "geometry": {
        "type": "Point",
        "coordinates": [
          5.9429188,
          51.9876005
        ]
      },
      "id": "node/7606517383"
    },
    {
      "type": "Feature",
      "properties": {
        "@id": "node/7606517384",
        "name": "Velp",
        "operator": "Nederlandse Sporwegen",
        "public_transport": "station",
        "railway": "station",
        "railway:ref": "Vp",
        "train": "yes",
        "wikidata": "Q2451811",
        "wikipedia": "nl:Station Velp",
        "zone": "4012"
      },
      "geometry": {
        "type": "Point",
        "coordinates": [
          5.9809858,
          51.9950101
        ]
      },
      "id": "node/7606517384"
    },
    {
      "type": "Feature",
      "properties": {
        "@id": "node/7606543785",
        "name": "Rheden",
        "public_transport": "station",
        "railway": "station",
        "railway:ref": "Rh",
        "train": "yes",
        "wikidata": "Q2663390",
        "wikimedia_commons": "File:Station Rheden stationsgebouw (2).jpg",
        "wikipedia": "nl:Station Rheden",
        "zone": "4122"
      },
      "geometry": {
        "type": "Point",
        "coordinates": [
          6.0307364,
          52.0099982
        ]
      },
      "id": "node/7606543785"
    },
    {
      "type": "Feature",
      "properties": {
        "@id": "node/7606543786",
        "name": "Dieren",
        "operator": "Nederlandse Spoorwegen",
        "public_transport": "station",
        "railway": "station",
        "railway:ref": "Dr",
        "train": "yes",
        "wikidata": "Q2043036",
        "wikipedia": "nl:Station Dieren",
        "zone": "4132"
      },
      "geometry": {
        "type": "Point",
        "coordinates": [
          6.1029162,
          52.0446667
        ]
      },
      "id": "node/7606543786"
    },
    {
      "type": "Feature",
      "properties": {
        "@id": "node/7606543787",
        "name": "Zutphen",
        "public_transport": "station",
        "railway": "station",
        "railway:ref": "Zp",
        "train": "yes",
        "wikidata": "Q801671",
        "wikipedia": "nl:Station Zutphen"
      },
      "geometry": {
        "type": "Point",
        "coordinates": [
          6.1942652,
          52.1446293
        ]
      },
      "id": "node/7606543787"
    },
    {
      "type": "Feature",
      "properties": {
        "@id": "node/7606543794",
        "name": "Gaanderen",
        "public_transport": "station",
        "railway": "station",
        "railway:ref": "Gdr",
        "train": "yes",
        "wikidata": "Q4977551",
        "wikipedia": "nl:Station Gaanderen"
      },
      "geometry": {
        "type": "Point",
        "coordinates": [
          6.3483665,
          51.9308536
        ]
      },
      "id": "node/7606543794"
    },
    {
      "type": "Feature",
      "properties": {
        "@id": "node/7606549516",
        "name": "Goor",
        "public_transport": "station",
        "railway": "station",
        "railway:ref": "Go",
        "train": "yes",
        "wikidata": "Q2590367",
        "wikipedia": "nl:Station Goor",
        "zone": "4425"
      },
      "geometry": {
        "type": "Point",
        "coordinates": [
          6.5850946,
          52.2302772
        ]
      },
      "id": "node/7606549516"
    },
    {
      "type": "Feature",
      "properties": {
        "@id": "node/7606549517",
        "addr:city": "Lochem",
        "addr:country": "NL",
        "addr:housenumber": "1",
        "addr:postcode": "7241CV",
        "addr:street": "Stationsplein",
        "name": "Lochem",
        "public_transport": "station",
        "railway": "station",
        "railway:ref": "Lc",
        "train": "yes",
        "wikidata": "Q2462171",
        "wikipedia": "nl:Station Lochem",
        "zone": "4495"
      },
      "geometry": {
        "type": "Point",
        "coordinates": [
          6.4263786,
          52.1668016
        ]
      },
      "id": "node/7606549517"
    },
    {
      "type": "Feature",
      "properties": {
        "@id": "node/7606549518",
        "name": "Holten",
        "public_transport": "station",
        "railway": "station",
        "railway:ref": "Hon",
        "train": "yes",
        "wikidata": "Q1809377",
        "wikipedia": "nl:Station Holten",
        "zone": "4392"
      },
      "geometry": {
        "type": "Point",
        "coordinates": [
          6.4211684,
          52.2840788
        ]
      },
      "id": "node/7606549518"
    },
    {
      "type": "Feature",
      "properties": {
        "@id": "node/7606549519",
        "name": "Deventer Colmschate",
        "operator": "Nederlandse Spoorwegen",
        "public_transport": "station",
        "railway": "station",
        "railway:ref": "Dvc",
        "train": "yes",
        "wikidata": "Q5266879",
        "wikipedia": "nl:Station Deventer Colmschate",
        "zone": "4790"
      },
      "geometry": {
        "type": "Point",
        "coordinates": [
          6.2156789,
          52.25035
        ]
      },
      "id": "node/7606549519"
    },
    {
      "type": "Feature",
      "properties": {
        "@id": "node/7606551859",
        "name": "Rijswijk",
        "public_transport": "station",
        "railway": "station",
        "railway:ref": "Rsw",
        "train": "yes",
        "wikidata": "Q7333973",
        "wikipedia": "nl:Station Rijswijk",
        "zone": "5416"
      },
      "geometry": {
        "type": "Point",
        "coordinates": [
          4.3220394,
          52.03755
        ]
      },
      "id": "node/7606551859"
    },
    {
      "type": "Feature",
      "properties": {
        "@id": "node/7606551860",
        "name": "Voorschoten",
        "public_transport": "station",
        "railway": "station",
        "railway:ref": "Vst",
        "train": "yes",
        "wikidata": "Q2734929",
        "wikipedia": "nl:Station Voorschoten",
        "zone": "5433"
      },
      "geometry": {
        "type": "Point",
        "coordinates": [
          4.4336799,
          52.1262326
        ]
      },
      "id": "node/7606551860"
    },
    {
      "type": "Feature",
      "properties": {
        "@id": "node/7606551861",
        "name": "De Vink",
        "public_transport": "station",
        "railway": "station",
        "railway:ref": "Dvnk",
        "train": "yes",
        "wheelchair": "yes",
        "wikidata": "Q5244819",
        "wikipedia": "nl:Station De Vink",
        "zone": "5444"
      },
      "geometry": {
        "type": "Point",
        "coordinates": [
          4.4563018,
          52.1471818
        ]
      },
      "id": "node/7606551861"
    },
    {
      "type": "Feature",
      "properties": {
        "@id": "node/7606551862",
        "name": "Leiden Lammenschans",
        "public_transport": "station",
        "railway": "station",
        "railway:ref": "Ldl",
        "train": "yes",
        "wheelchair": "yes",
        "wikidata": "Q801072",
        "wikipedia": "nl:Station Leiden Lammenschans",
        "zone": "5444"
      },
      "geometry": {
        "type": "Point",
        "coordinates": [
          4.4929317,
          52.1467516
        ]
      },
      "id": "node/7606551862"
    },
    {
      "type": "Feature",
      "properties": {
        "@id": "node/7606551863",
        "name": "Bodegraven",
        "public_transport": "station",
        "railway": "station",
        "railway:ref": "Bdg",
        "train": "yes",
        "wikidata": "Q2755644",
        "wikipedia": "nl:Station Bodegraven",
        "zone": "5170"
      },
      "geometry": {
        "type": "Point",
        "coordinates": [
          4.7462503,
          52.0814538
        ]
      },
      "id": "node/7606551863"
    },
    {
      "type": "Feature",
      "properties": {
        "@id": "node/7606551877",
        "name": "Voorhout",
        "public_transport": "station",
        "railway": "station",
        "railway:ref": "Vh",
        "train": "yes",
        "wikidata": "Q4989687",
        "wikipedia": "nl:Station Voorhout",
        "zone": "5465"
      },
      "geometry": {
        "type": "Point",
        "coordinates": [
          4.484053,
          52.2253573
        ]
      },
      "id": "node/7606551877"
    },
    {
      "type": "Feature",
      "properties": {
        "@id": "node/7606551878",
        "name": "Hillegom",
        "public_transport": "station",
        "railway": "station",
        "railway:ref": "Hil",
        "train": "yes",
        "wheelchair": "yes",
        "wikidata": "Q2257741",
        "wikimedia_commons": "Category:Station Hillegom",
        "wikipedia": "nl:Station Hillegom",
        "zone": "5536"
      },
      "geometry": {
        "type": "Point",
        "coordinates": [
          4.5660754,
          52.30314
        ]
      },
      "id": "node/7606551878"
    },
    {
      "type": "Feature",
      "properties": {
        "@id": "node/7606551879",
        "name": "Heemstede-Aerdenhout",
        "operator:website": "https://9292.nl/station-heemstede-aerdenhout",
        "public_transport": "station",
        "railway": "station",
        "railway:ref": "Had",
        "train": "yes",
        "website": "https://www.ns.nl/stationsinformatie/had/heemstede-aerdenhout",
        "wheelchair": "yes",
        "wikidata": "Q800897",
        "wikipedia": "nl:Station Heemstede-Aerdenhout",
        "zone": "5514"
      },
      "geometry": {
        "type": "Point",
        "coordinates": [
          4.6067862,
          52.3595052
        ]
      },
      "id": "node/7606551879"
    },
    {
      "type": "Feature",
      "properties": {
        "@id": "node/7606551880",
        "name": "Zandvoort aan Zee",
        "old_name:1881-1921": "Zandvoort",
        "old_name:1921-1955": "Zandvoort Bad",
        "public_transport": "station",
        "railway": "station",
        "railway:ref": "Zvt",
        "train": "yes",
        "wheelchair": "yes",
        "wikidata": "Q2029408",
        "wikimedia_commons": "Category:Zandvoort aan Zee railway station",
        "wikipedia": "nl:Station Zandvoort aan Zee",
        "zone": "5521"
      },
      "geometry": {
        "type": "Point",
        "coordinates": [
          4.5314622,
          52.3757259
        ]
      },
      "id": "node/7606551880"
    },
    {
      "type": "Feature",
      "properties": {
        "@id": "node/7606551881",
        "name": "Overveen",
        "public_transport": "station",
        "railway": "station",
        "railway:ref": "Ovn",
        "train": "yes",
        "wikidata": "Q1880957",
        "wikipedia": "nl:Station Overveen",
        "zone": "5510"
      },
      "geometry": {
        "type": "Point",
        "coordinates": [
          4.6068322,
          52.3910774
        ]
      },
      "id": "node/7606551881"
    },
    {
      "type": "Feature",
      "properties": {
        "@id": "node/7606551882",
        "image": "https://kdbv.nl/wp-content/uploads/2020/07/9-stations-Haarlem-Spaarnwoude-2.jpg https://www.prorail.nl/contentassets/d4e44bfa42704a36bd4f5f77a354a524/spaarnwoude_header.jpg?width=600&height=315&mode=crop&scale=down&v=1822167904",
        "name": "Haarlem Spaarnwoude",
        "operator:website": "https://9292.nl/station-haarlem-spaarnwoude",
        "public_transport": "station",
        "railway": "station",
        "railway:ref": "Hlms",
        "train": "yes",
        "website": "https://www.ns.nl/stationsinformatie/hlms/haarlem-spaarnwoude;https://www.prorail.nl/projecten/station-haarlem-spaarnwoude-krijgt-liften",
        "wikidata": "Q2780339",
        "wikipedia": "nl:Station Haarlem Spaarnwoude",
        "zone": "5500"
      },
      "geometry": {
        "type": "Point",
        "coordinates": [
          4.6713542,
          52.3828478
        ]
      },
      "id": "node/7606551882"
    },
    {
      "type": "Feature",
      "properties": {
        "@id": "node/7606555863",
        "name": "'s-Hertogenbosch Oost",
        "public_transport": "station",
        "railway": "station",
        "railway:ref": "Hto",
        "train": "yes",
        "wikidata": "Q4540583",
        "wikipedia": "nl:Station 's-Hertogenbosch Oost",
        "zone": "6300"
      },
      "geometry": {
        "type": "Point",
        "coordinates": [
          5.3191158,
          51.7005543
        ]
      },
      "id": "node/7606555863"
    },
    {
      "type": "Feature",
      "properties": {
        "@id": "node/7606555867",
        "description": "Sittard - Heerlen",
        "name": "Spaubeek",
        "platforms": "2",
        "public_transport": "station",
        "railway": "station",
        "railway:ref": "Sbk",
        "ref": "064",
        "train": "yes",
        "wikidata": "Q2795496",
        "wikimedia_commons": "Category:Station Spaubeek",
        "wikipedia": "nl:Station Spaubeek",
        "zone": "6722"
      },
      "geometry": {
        "type": "Point",
        "coordinates": [
          5.8495905,
          50.9434247
        ]
      },
      "id": "node/7606555867"
    },
    {
      "type": "Feature",
      "properties": {
        "@id": "node/7606556446",
        "name": "Nieuwerkerk aan den IJssel",
        "public_transport": "station",
        "railway": "station",
        "railway:ref": "Nwk",
        "train": "yes",
        "wheelchair": "limited",
        "wikidata": "Q1966697",
        "wikipedia": "nl:Station Nieuwerkerk a/d IJssel",
        "zone": "5331"
      },
      "geometry": {
        "type": "Point",
        "coordinates": [
          4.6168787,
          51.9653044
        ]
      },
      "id": "node/7606556446"
    },
    {
      "type": "Feature",
      "properties": {
        "@id": "node/7606556447",
        "name": "Capelle Schollevaar",
        "public_transport": "station",
        "railway": "station",
        "railway:ref": "Cps",
        "train": "yes",
        "wheelchair": "yes",
        "wikidata": "Q2650222",
        "wikipedia": "nl:Station Capelle Schollevaar",
        "zone": "5321"
      },
      "geometry": {
        "type": "Point",
        "coordinates": [
          4.5840957,
          51.9541176
        ]
      },
      "id": "node/7606556447"
    },
    {
      "type": "Feature",
      "properties": {
        "@id": "node/7606556448",
        "name": "Rotterdam Noord",
        "public_transport": "station",
        "railway": "station",
        "railway:ref": "Rtn",
        "train": "yes",
        "wikidata": "Q7370665",
        "wikipedia": "nl:Station Rotterdam Noord"
      },
      "geometry": {
        "type": "Point",
        "coordinates": [
          4.4815812,
          51.9422622
        ]
      },
      "id": "node/7606556448"
    },
    {
      "type": "Feature",
      "properties": {
        "@id": "node/7606556449",
        "name": "Rotterdam Zuid",
        "public_transport": "station",
        "railway": "station",
        "railway:ref": "Rtz",
        "train": "yes",
        "wikidata": "Q2390116",
        "wikipedia": "nl:Station Rotterdam Zuid",
        "zone": "5314"
      },
      "geometry": {
        "type": "Point",
        "coordinates": [
          4.5098521,
          51.9049018
        ]
      },
      "id": "node/7606556449"
    },
    {
      "type": "Feature",
      "properties": {
        "@id": "node/7606556450",
        "name": "Rotterdam Lombardijen",
        "public_transport": "station",
        "railway": "station",
        "railway:ref": "Rlb",
        "train": "yes",
        "wheelchair": "yes",
        "wikidata": "Q7370662",
        "wikipedia": "nl:Station Rotterdam Lombardijen"
      },
      "geometry": {
        "type": "Point",
        "coordinates": [
          4.5310527,
          51.8803596
        ]
      },
      "id": "node/7606556450"
    },
    {
      "type": "Feature",
      "properties": {
        "@id": "node/7606567286",
        "name": "Gouda Goverwelle",
        "public_transport": "station",
        "railway": "station",
        "railway:ref": "Gdg",
        "train": "yes",
        "wheelchair": "yes",
        "wikidata": "Q2230635",
        "wikipedia": "nl:Station Gouda Goverwelle",
        "zone": "5351"
      },
      "geometry": {
        "type": "Point",
        "coordinates": [
          4.7420993,
          52.0150128
        ]
      },
      "id": "node/7606567286"
    },
    {
      "type": "Feature",
      "properties": {
        "@id": "node/7606581797",
        "image": "https://www.giant.nl/cms/wp-content/uploads/2020/11/Station-Driehuis-1030x515.jpg",
        "name": "Driehuis",
        "public_transport": "station",
        "railway": "station",
        "railway:ref": "Drh",
        "train": "yes",
        "wheelchair": "yes",
        "wikidata": "Q2412932",
        "wikimedia_commons": "Category:Station Driehuis",
        "wikipedia": "nl:Station Driehuis",
        "zone": "5632"
      },
      "geometry": {
        "type": "Point",
        "coordinates": [
          4.6387141,
          52.4427409
        ]
      },
      "id": "node/7606581797"
    },
    {
      "type": "Feature",
      "properties": {
        "@id": "node/7606581798",
        "name": "Santpoort Noord",
        "public_transport": "station",
        "railway": "station",
        "railway:ref": "Sptn",
        "train": "yes",
        "wikidata": "Q2064790",
        "wikipedia": "nl:Station Santpoort Noord",
        "zone": "5632"
      },
      "geometry": {
        "type": "Point",
        "coordinates": [
          4.6328181,
          52.4338437
        ]
      },
      "id": "node/7606581798"
    },
    {
      "type": "Feature",
      "properties": {
        "@id": "node/7606581799",
        "name": "Santpoort Zuid",
        "public_transport": "station",
        "railway": "station",
        "railway:ref": "Sptz",
        "train": "yes",
        "wikidata": "Q2644166",
        "wikipedia": "nl:Station Santpoort Zuid",
        "zone": "5510"
      },
      "geometry": {
        "type": "Point",
        "coordinates": [
          4.6314176,
          52.4193488
        ]
      },
      "id": "node/7606581799"
    },
    {
      "type": "Feature",
      "properties": {
        "@id": "node/7606581800",
        "name": "Bloemendaal",
        "public_transport": "station",
        "railway": "station",
        "railway:ref": "Bll",
        "train": "yes",
        "wheelchair": "no",
        "wikidata": "Q2260872",
        "wikimedia_commons": "Category:Station Bloemendaal",
        "wikipedia": "nl:Station Bloemendaal",
        "zone": "5510"
      },
      "geometry": {
        "type": "Point",
        "coordinates": [
          4.6276629,
          52.4043478
        ]
      },
      "id": "node/7606581800"
    },
    {
      "type": "Feature",
      "properties": {
        "@id": "node/7606596763",
        "name": "Uitgeest",
        "public_transport": "station",
        "railway": "station",
        "railway:ref": "Utg",
        "train": "yes",
        "wikidata": "Q801541",
        "wikipedia": "nl:Station Uitgeest",
        "zone": "3631"
      },
      "geometry": {
        "type": "Point",
        "coordinates": [
          4.70259,
          52.5214311
        ]
      },
      "id": "node/7606596763"
    },
    {
      "type": "Feature",
      "properties": {
        "@id": "node/7606596764",
        "name": "Heemskerk",
        "public_transport": "station",
        "railway": "station",
        "railway:ref": "Hk",
        "train": "yes",
        "wheelchair": "yes",
        "wikidata": "Q3148455",
        "wikipedia": "nl:Station Heemskerk",
        "zone": "5630"
      },
      "geometry": {
        "type": "Point",
        "coordinates": [
          4.6861262,
          52.4946348
        ]
      },
      "id": "node/7606596764"
    },
    {
      "type": "Feature",
      "properties": {
        "@id": "node/7606596765",
        "name": "Beverwijk",
        "public_transport": "station",
        "railway": "station",
        "railway:ref": "Bv",
        "train": "yes",
        "wheelchair": "yes",
        "wikidata": "Q4899645",
        "wikipedia": "nl:Station Beverwijk"
      },
      "geometry": {
        "type": "Point",
        "coordinates": [
          4.6566186,
          52.4785365
        ]
      },
      "id": "node/7606596765"
    },
    {
      "type": "Feature",
      "properties": {
        "@id": "node/7606606101",
        "name": "Schagen",
        "public_transport": "station",
        "railway": "station",
        "railway:ref": "Sgn",
        "train": "yes",
        "wheelchair": "yes",
        "wikidata": "Q2180215",
        "wikipedia": "nl:Schagen railway station",
        "wikipedia:en": "Schagen railway station",
        "wikipedia:nl": "Station Schagen",
        "zone": "3460"
      },
      "geometry": {
        "type": "Point",
        "coordinates": [
          4.8053789,
          52.7852715
        ]
      },
      "id": "node/7606606101"
    },
    {
      "type": "Feature",
      "properties": {
        "@id": "node/7606606102",
        "name": "Alkmaar Noord",
        "public_transport": "station",
        "railway": "station",
        "railway:ref": "Amrn",
        "train": "yes",
        "wikidata": "Q690717",
        "wikipedia": "nl:Station Alkmaar Noord",
        "zone": "3600"
      },
      "geometry": {
        "type": "Point",
        "coordinates": [
          4.7639556,
          52.6437653
        ]
      },
      "id": "node/7606606102"
    },
    {
      "type": "Feature",
      "properties": {
        "@id": "node/7606607358",
        "name": "Bovenkarspel Flora",
        "public_transport": "station",
        "railway": "station",
        "railway:ref": "Bkf",
        "railway:ref:DB": "XNBF",
        "train": "yes",
        "wikidata": "Q2206086",
        "wikipedia": "nl:Station Bovenkarspel Flora",
        "zone": "3840"
      },
      "geometry": {
        "type": "Point",
        "coordinates": [
          5.2533431,
          52.6961115
        ]
      },
      "id": "node/7606607358"
    },
    {
      "type": "Feature",
      "properties": {
        "@id": "node/7606617874",
        "name": "Amersfoort Schothorst",
        "public_transport": "station",
        "railway": "station",
        "railway:ref": "Amfs",
        "train": "yes",
        "wheelchair": "yes",
        "wikidata": "Q49866",
        "wikipedia": "nl:Station Amersfoort Schothorst",
        "zone": "5052"
      },
      "geometry": {
        "type": "Point",
        "coordinates": [
          5.4038593,
          52.1748604
        ]
      },
      "id": "node/7606617874"
    },
    {
      "type": "Feature",
      "properties": {
        "@id": "node/7606617875",
        "name": "Amersfoort Vathorst",
        "public_transport": "station",
        "railway": "station",
        "railway:ref": "Avat",
        "train": "yes",
        "wikidata": "Q49856",
        "wikipedia": "nl:Station Amersfoort Vathorst",
        "zone": "5052"
      },
      "geometry": {
        "type": "Point",
        "coordinates": [
          5.4336126,
          52.1925513
        ]
      },
      "id": "node/7606617875"
    },
    {
      "type": "Feature",
      "properties": {
        "@id": "node/7606617876",
        "name": "Nijkerk",
        "public_transport": "station",
        "railway": "station",
        "railway:ref": "Nkk",
        "train": "yes",
        "wikidata": "Q7034561",
        "wikipedia": "nl:Station Nijkerk",
        "zone": "5063"
      },
      "geometry": {
        "type": "Point",
        "coordinates": [
          5.4935229,
          52.2220274
        ]
      },
      "id": "node/7606617876"
    },
    {
      "type": "Feature",
      "properties": {
        "@id": "node/7606617877",
        "name": "Putten",
        "public_transport": "station",
        "railway": "station",
        "railway:ref": "Pt",
        "train": "yes",
        "wheelchair": "yes",
        "wikidata": "Q1990436",
        "wikipedia": "nl:Station Putten",
        "zone": "4982"
      },
      "geometry": {
        "type": "Point",
        "coordinates": [
          5.5758773,
          52.2654979
        ]
      },
      "id": "node/7606617877"
    },
    {
      "type": "Feature",
      "properties": {
        "@id": "node/7606617878",
        "addr:city": "Nunspeet",
        "addr:housenumber": "10",
        "addr:postcode": "8071CH",
        "addr:street": "Stationsplein",
        "name": "Nunspeet",
        "operator": "Nederlandse Spoorwegen",
        "public_transport": "station",
        "railway": "station",
        "railway:ref": "Ns",
        "train": "yes",
        "wikidata": "Q2034731",
        "wikipedia": "nl:Station Nunspeet",
        "zone": "4761"
      },
      "geometry": {
        "type": "Point",
        "coordinates": [
          5.7844187,
          52.3708164
        ]
      },
      "id": "node/7606617878"
    },
    {
      "type": "Feature",
      "properties": {
        "@id": "node/7606617879",
        "name": "'t Harde",
        "public_transport": "station",
        "railway": "station",
        "railway:ref": "Hde",
        "train": "yes",
        "wikidata": "Q4540597",
        "wikipedia": "nl:Station 't Harde",
        "zone": "4756"
      },
      "geometry": {
        "type": "Point",
        "coordinates": [
          5.8930152,
          52.4091474
        ]
      },
      "id": "node/7606617879"
    },
    {
      "type": "Feature",
      "properties": {
        "@id": "node/7606617880",
        "name": "Wezep",
        "public_transport": "station",
        "railway": "station",
        "railway:ref": "Wz",
        "train": "yes",
        "wikidata": "Q2105540",
        "wikipedia": "nl:Station Wezep",
        "zone": "4721"
      },
      "geometry": {
        "type": "Point",
        "coordinates": [
          6.003111,
          52.4543848
        ]
      },
      "id": "node/7606617880"
    },
    {
      "type": "Feature",
      "properties": {
        "@id": "node/7606645163",
        "name": "Utrecht Overvecht",
        "public_transport": "station",
        "railway": "station",
        "railway:ref": "Uto",
        "train": "yes",
        "wheelchair": "yes",
        "wikidata": "Q2542171",
        "wikipedia": "nl:Station Utrecht Overvecht",
        "zone": "5000"
      },
      "geometry": {
        "type": "Point",
        "coordinates": [
          5.1257618,
          52.1101212
        ]
      },
      "id": "node/7606645163"
    },
    {
      "type": "Feature",
      "properties": {
        "@id": "node/7606645164",
        "name": "Bilthoven",
        "public_transport": "station",
        "railway": "station",
        "railway:ref": "Bhv",
        "train": "yes",
        "website": "https://www.ns.nl/stationsinformatie/bhv/bilthoven",
        "wheelchair": "yes",
        "wikidata": "Q3057588",
        "wikipedia": "nl:Station Bilthoven",
        "zone": "5022"
      },
      "geometry": {
        "type": "Point",
        "coordinates": [
          5.2046838,
          52.1301876
        ]
      },
      "id": "node/7606645164"
    },
    {
      "type": "Feature",
      "properties": {
        "@id": "node/7606645165",
        "name": "Den Dolder",
        "public_transport": "station",
        "railway": "station",
        "railway:ref": "Dld",
        "train": "yes",
        "wheelchair": "yes",
        "wikidata": "Q2554652",
        "wikipedia": "nl:Station Den Dolder",
        "zone": "5939"
      },
      "geometry": {
        "type": "Point",
        "coordinates": [
          5.2420971,
          52.1402279
        ]
      },
      "id": "node/7606645165"
    },
    {
      "type": "Feature",
      "properties": {
        "@id": "node/7606648989",
        "name": "Kampen",
        "public_transport": "station",
        "railway": "station",
        "railway:ref": "Kpn",
        "start_date": "1865-05-10",
        "train": "yes",
        "wikidata": "Q428512",
        "wikipedia": "nl:Station Kampen",
        "zone": "2583"
      },
      "geometry": {
        "type": "Point",
        "coordinates": [
          5.92163,
          52.5597878
        ]
      },
      "id": "node/7606648989"
    },
    {
      "type": "Feature",
      "properties": {
        "@id": "node/7606648990",
        "name": "Almere Muziekwijk",
        "public_transport": "station",
        "railway": "station",
        "railway:ref": "Almm",
        "train": "yes",
        "wikidata": "Q568207",
        "wikipedia": "nl:Station Almere Muziekwijk",
        "zone": "5865"
      },
      "geometry": {
        "type": "Point",
        "coordinates": [
          5.190341,
          52.367558
        ]
      },
      "id": "node/7606648990"
    },
    {
      "type": "Feature",
      "properties": {
        "@id": "node/7606648991",
        "name": "Weesp",
        "public_transport": "station",
        "railway": "station",
        "railway:ref": "Wp",
        "train": "yes",
        "wheelchair": "limited",
        "wikidata": "Q801585",
        "wikimedia_commons": "Category:Station Weesp",
        "wikipedia": "nl:Station Weesp",
        "zone": "5820"
      },
      "geometry": {
        "type": "Point",
        "coordinates": [
          5.0440484,
          52.3122067
        ]
      },
      "id": "node/7606648991"
    },
    {
      "type": "Feature",
      "properties": {
        "@id": "node/7606648992",
        "name": "Amsterdam Science Park",
        "public_transport": "station",
        "railway": "station",
        "railway:ref": "Assp",
        "train": "yes",
        "wheelchair": "yes",
        "wikidata": "Q2102286",
        "wikimedia_commons": "Category:Station Amsterdam Science Park",
        "wikipedia": "nl:Station Amsterdam Science Park"
      },
      "geometry": {
        "type": "Point",
        "coordinates": [
          4.948315,
          52.352926
        ]
      },
      "id": "node/7606648992"
    },
    {
      "type": "Feature",
      "properties": {
        "@id": "node/7606656809",
        "name": "Bussum Zuid",
        "public_transport": "station",
        "railway": "station",
        "railway:ref": "Bsmz",
        "train": "yes",
        "wheelchair": "limited",
        "wikidata": "Q2309541",
        "wikipedia": "nl:Station Bussum Zuid",
        "zone": "5851"
      },
      "geometry": {
        "type": "Point",
        "coordinates": [
          5.1628737,
          52.2658951
        ]
      },
      "id": "node/7606656809"
    },
    {
      "type": "Feature",
      "properties": {
        "@id": "node/7606656810",
        "name": "Hilversum Media Park",
        "old_name": "Hilversum Noord",
        "public_transport": "station",
        "railway": "station",
        "railway:ref": "Hvsm",
        "ref": "1",
        "train": "yes",
        "wikidata": "Q2079829",
        "wikipedia": "nl:Station Hilversum Media Park",
        "zone": "5940"
      },
      "geometry": {
        "type": "Point",
        "coordinates": [
          5.1740114,
          52.2378723
        ]
      },
      "id": "node/7606656810"
    },
    {
      "type": "Feature",
      "properties": {
        "@id": "node/7606656811",
        "name": "Hilversum",
        "public_transport": "station",
        "railway": "station",
        "railway:ref": "Hvs",
        "train": "yes",
        "uic_ref": "8400322",
        "wheelchair": "yes",
        "wikidata": "Q49868",
        "wikipedia": "nl:Station Hilversum",
        "zone": "5940"
      },
      "geometry": {
        "type": "Point",
        "coordinates": [
          5.1812974,
          52.2265342
        ]
      },
      "id": "node/7606656811"
    },
    {
      "type": "Feature",
      "properties": {
        "@id": "node/7606656812",
        "name": "Hilversum Sportpark",
        "public_transport": "station",
        "railway": "station",
        "railway:ref": "Hvsp",
        "train": "yes",
        "wheelchair": "yes",
        "wikidata": "Q2078715",
        "wikipedia": "nl:Station Hilversum Sportpark",
        "zone": "5940"
      },
      "geometry": {
        "type": "Point",
        "coordinates": [
          5.1873161,
          52.2164296
        ]
      },
      "id": "node/7606656812"
    },
    {
      "type": "Feature",
      "properties": {
        "@id": "node/7606656813",
        "name": "Hollandsche Rading",
        "public_transport": "station",
        "railway": "station",
        "railway:ref": "Hor",
        "train": "yes",
        "website": "https://9292.nl/en/station-hollandsche-rading",
        "wikidata": "Q5881185",
        "wikimedia_commons": "Category:Station Hollandsche Rading",
        "wikipedia": "nl:Station Hollandsche Rading",
        "zone": "5930"
      },
      "geometry": {
        "type": "Point",
        "coordinates": [
          5.1793156,
          52.1780793
        ]
      },
      "id": "node/7606656813"
    },
    {
      "type": "Feature",
      "properties": {
        "@id": "node/7606656814",
        "name": "Baarn",
        "public_transport": "station",
        "railway": "station",
        "railway:ref": "Brn",
        "train": "yes",
        "wikidata": "Q2045233",
        "wikipedia": "nl:Station Baarn",
        "zone": "5962"
      },
      "geometry": {
        "type": "Point",
        "coordinates": [
          5.2817232,
          52.2080875
        ]
      },
      "id": "node/7606656814"
    },
    {
      "type": "Feature",
      "properties": {
        "@id": "node/7606656815",
        "name": "Soest Zuid",
        "public_transport": "station",
        "railway": "station",
        "railway:ref": "Stz",
        "train": "yes",
        "wheelchair": "yes",
        "wikidata": "Q2329914",
        "wikipedia": "nl:Station Soest Zuid",
        "zone": "5952"
      },
      "geometry": {
        "type": "Point",
        "coordinates": [
          5.3028921,
          52.1651988
        ]
      },
      "id": "node/7606656815"
    },
    {
      "type": "Feature",
      "properties": {
        "@id": "node/7606657354",
        "name": "Waddinxveen Triangel",
        "public_transport": "station",
        "railway": "station",
        "railway:ref": "Wadt",
        "train": "yes",
        "wheelchair": "yes",
        "wikidata": "Q2797593",
        "wikipedia": "nl:Station Waddinxveen Triangel"
      },
      "geometry": {
        "type": "Point",
        "coordinates": [
          4.6490359,
          52.0272134
        ]
      },
      "id": "node/7606657354"
    },
    {
      "type": "Feature",
      "properties": {
        "@id": "node/7606657355",
        "name": "Waddinxveen",
        "public_transport": "station",
        "railway": "station",
        "railway:ref": "Wad",
        "train": "yes",
        "wheelchair": "yes",
        "wikidata": "Q2473387",
        "wikipedia": "nl:Station Waddinxveen",
        "zone": "5470"
      },
      "geometry": {
        "type": "Point",
        "coordinates": [
          4.6499035,
          52.0440583
        ]
      },
      "id": "node/7606657355"
    },
    {
      "type": "Feature",
      "properties": {
        "@id": "node/7606657356",
        "name": "Waddinxveen Noord",
        "public_transport": "station",
        "railway": "station",
        "railway:ref": "Wadn",
        "train": "yes",
        "wheelchair": "yes",
        "wikidata": "Q2459829",
        "wikipedia": "nl:Station Waddinxveen Noord",
        "zone": "5470"
      },
      "geometry": {
        "type": "Point",
        "coordinates": [
          4.648369,
          52.0552626
        ]
      },
      "id": "node/7606657356"
    },
    {
      "type": "Feature",
      "properties": {
        "@id": "node/7606657357",
        "name": "Boskoop Snijdelwijk",
        "public_transport": "station",
        "railway": "station",
        "railway:ref": "Bsks",
        "train": "yes",
        "wheelchair": "yes",
        "wikidata": "Q2467629",
        "wikipedia": "nl:Station Boskoop Snijdelwijk"
      },
      "geometry": {
        "type": "Point",
        "coordinates": [
          4.6462703,
          52.067341
        ]
      },
      "id": "node/7606657357"
    },
    {
      "type": "Feature",
      "properties": {
        "@id": "node/7606657358",
        "name": "Boskoop",
        "public_transport": "station",
        "railway": "station",
        "railway:ref": "Bsk",
        "train": "yes",
        "wheelchair": "yes",
        "wikidata": "Q2595470",
        "wikipedia": "nl:Station Boskoop",
        "zone": "5471"
      },
      "geometry": {
        "type": "Point",
        "coordinates": [
          4.6466297,
          52.0770639
        ]
      },
      "id": "node/7606657358"
    },
    {
      "type": "Feature",
      "properties": {
        "@id": "node/7606663918",
        "name": "Purmerend Overwhere",
        "public_transport": "station",
        "railway": "station",
        "railway:ref": "Pmo",
        "train": "yes",
        "wikidata": "Q2477996",
        "wikipedia": "nl:Station Purmerend Overwhere",
        "zone": "3740"
      },
      "geometry": {
        "type": "Point",
        "coordinates": [
          4.9670882,
          52.5112223
        ]
      },
      "id": "node/7606663918"
    },
    {
      "type": "Feature",
      "properties": {
        "@id": "node/7606663919",
        "name": "Purmerend",
        "public_transport": "station",
        "railway": "station",
        "railway:ref": "Pmr",
        "train": "yes",
        "wikidata": "Q2566695",
        "wikipedia": "nl:Station Purmerend",
        "zone": "3740"
      },
      "geometry": {
        "type": "Point",
        "coordinates": [
          4.9544121,
          52.5039525
        ]
      },
      "id": "node/7606663919"
    },
    {
      "type": "Feature",
      "properties": {
        "@id": "node/7606663920",
        "name": "Purmerend Weidevenne",
        "public_transport": "station",
        "railway": "station",
        "railway:ref": "Pmw",
        "train": "yes",
        "wheelchair": "yes",
        "wikidata": "Q2186104",
        "wikipedia": "nl:Station Purmerend Weidevenne",
        "zone": "3740"
      },
      "geometry": {
        "type": "Point",
        "coordinates": [
          4.9350292,
          52.4963796
        ]
      },
      "id": "node/7606663920"
    },
    {
      "type": "Feature",
      "properties": {
        "@id": "node/7606663921",
        "name": "Zaandam Kogerveld",
        "public_transport": "station",
        "railway": "station",
        "railway:ref": "Zdk",
        "train": "yes",
        "wheelchair": "yes",
        "wikidata": "Q2113315",
        "wikimedia_commons": "Category:Station Zaandam Kogerveld",
        "wikipedia": "nl:Station Zaandam Kogerveld",
        "zone": "3722"
      },
      "geometry": {
        "type": "Point",
        "coordinates": [
          4.8191929,
          52.4567546
        ]
      },
      "id": "node/7606663921"
    },
    {
      "type": "Feature",
      "properties": {
        "@id": "node/7606663922",
        "name": "Koog aan de Zaan",
        "public_transport": "station",
        "railway": "station",
        "railway:ref": "Kz",
        "train": "yes",
        "wikidata": "Q783692",
        "wikipedia": "nl:Station Koog aan de Zaan",
        "zone": "3722"
      },
      "geometry": {
        "type": "Point",
        "coordinates": [
          4.8056834,
          52.4578263
        ]
      },
      "id": "node/7606663922"
    },
    {
      "type": "Feature",
      "properties": {
        "@id": "node/7606672546",
        "name": "Bunnik",
        "operator": "NS",
        "public_transport": "station",
        "railway": "station",
        "railway:ref": "Bnk",
        "train": "yes",
        "website": "https://www.ns.nl/stationsinformatie/BNK/bunnik",
        "wheelchair": "yes",
        "wikidata": "Q2400048",
        "wikipedia": "nl:Station Bunnik",
        "zone": "5029"
      },
      "geometry": {
        "type": "Point",
        "coordinates": [
          5.1957958,
          52.0632104
        ]
      },
      "id": "node/7606672546"
    },
    {
      "type": "Feature",
      "properties": {
        "@id": "node/7606672547",
        "name": "Maarn",
        "public_transport": "station",
        "railway": "station",
        "railway:ref": "Mrn",
        "train": "yes",
        "wheelchair": "yes",
        "wikidata": "Q2332233",
        "wikipedia": "nl:Station Maarn",
        "zone": "5055"
      },
      "geometry": {
        "type": "Point",
        "coordinates": [
          5.3706605,
          52.0640966
        ]
      },
      "id": "node/7606672547"
    },
    {
      "type": "Feature",
      "properties": {
        "@id": "node/7606698742",
        "name": "Diemen",
        "public_transport": "station",
        "railway": "station",
        "railway:ref": "Dmn",
        "train": "yes",
        "wheelchair": "yes",
        "wikidata": "Q2692686",
        "wikimedia_commons": "Category:Station Diemen",
        "wikipedia": "nl:Station Diemen",
        "zone": "5715"
      },
      "geometry": {
        "type": "Point",
        "coordinates": [
          4.967465,
          52.3452067
        ]
      },
      "id": "node/7606698742"
    },
    {
      "type": "Feature",
      "properties": {
        "@id": "node/7606712031",
        "name": "Barneveld Noord",
        "public_transport": "station",
        "railway": "station",
        "railway:ref": "Bnn",
        "train": "yes",
        "wheelchair": "yes",
        "wikidata": "Q3907891",
        "wikipedia": "nl:Station Barneveld Noord"
      },
      "geometry": {
        "type": "Point",
        "coordinates": [
          5.598379,
          52.1611568
        ]
      },
      "id": "node/7606712031"
    },
    {
      "type": "Feature",
      "properties": {
        "@id": "node/7606712032",
        "name": "Lunteren",
        "public_transport": "station",
        "railway": "station",
        "railway:ref": "Ltn",
        "train": "yes",
        "wheelchair": "yes",
        "wikidata": "Q2159566",
        "wikipedia": "nl:Station Lunteren",
        "zone": "4075"
      },
      "geometry": {
        "type": "Point",
        "coordinates": [
          5.6243005,
          52.0851185
        ]
      },
      "id": "node/7606712032"
    },
    {
      "type": "Feature",
      "properties": {
        "@id": "node/7606712033",
        "name": "Ede Centrum",
        "public_transport": "station",
        "railway": "station",
        "railway:ref": "Edc",
        "train": "yes",
        "wheelchair": "yes",
        "wikidata": "Q2792729",
        "wikipedia": "nl:Station Ede Centrum",
        "zone": "4061"
      },
      "geometry": {
        "type": "Point",
        "coordinates": [
          5.6681895,
          52.0432539
        ]
      },
      "id": "node/7606712033"
    },
    {
      "type": "Feature",
      "properties": {
        "@id": "node/7606735798",
        "name": "Rhenen",
        "public_transport": "station",
        "railway": "station",
        "railway:ref": "Rhn",
        "train": "yes",
        "wheelchair": "yes",
        "wikidata": "Q2128695",
        "wikipedia": "nl:Station Rhenen",
        "zone": "4060"
      },
      "geometry": {
        "type": "Point",
        "coordinates": [
          5.5783079,
          51.9579068
        ]
      },
      "id": "node/7606735798"
    },
    {
      "type": "Feature",
      "properties": {
        "@id": "node/7606758007",
        "addr:city": "Hengelo",
        "addr:country": "NL",
        "addr:postcode": "7555JP",
        "addr:province": "Overijssel",
        "addr:street": "Florence Nightingaleweg",
        "name": "Hengelo Gezondheidspark",
        "operator": "Syntus",
        "public_transport": "station",
        "railway": "station",
        "railway:ref": "Hglg",
        "train": "yes",
        "wheelchair": "yes",
        "wikidata": "Q4705208",
        "wikipedia": "nl:Station Hengelo Gezondheidspark"
      },
      "geometry": {
        "type": "Point",
        "coordinates": [
          6.7679488,
          52.2616919
        ]
      },
      "id": "node/7606758007"
    },
    {
      "type": "Feature",
      "properties": {
        "@id": "node/7606761910",
        "name": "Delden",
        "operator": "NS;DBR",
        "public_transport": "station",
        "railway": "station",
        "railway:ref": "Ddn",
        "train": "yes",
        "wheelchair": "yes",
        "wikidata": "Q2226484",
        "wikipedia": "nl:Station Delden"
      },
      "geometry": {
        "type": "Point",
        "coordinates": [
          6.7151462,
          52.2600838
        ]
      },
      "id": "node/7606761910"
    },
    {
      "type": "Feature",
      "properties": {
        "@id": "node/7606761911",
        "name": "Borne",
        "public_transport": "station",
        "railway": "station",
        "railway:ref": "Bn",
        "train": "yes",
        "wikidata": "Q2678539",
        "wikipedia": "nl:Station Borne",
        "zone": "4521"
      },
      "geometry": {
        "type": "Point",
        "coordinates": [
          6.7484512,
          52.2986128
        ]
      },
      "id": "node/7606761911"
    },
    {
      "type": "Feature",
      "properties": {
        "@id": "node/7606761912",
        "name": "Almelo de Riet",
        "public_transport": "station",
        "railway": "station",
        "railway:ref": "Amri",
        "train": "yes",
        "wheelchair": "yes",
        "wikidata": "Q3363550",
        "wikipedia": "nl:Station Almelo de Riet",
        "zone": "4551"
      },
      "geometry": {
        "type": "Point",
        "coordinates": [
          6.6666467,
          52.3420988
        ]
      },
      "id": "node/7606761912"
    },
    {
      "type": "Feature",
      "properties": {
        "@id": "node/7606761913",
        "name": "Nijverdal",
        "operator": "NS",
        "platforms": "2",
        "public_transport": "station",
        "railway": "station",
        "railway:ref": "Nvd",
        "train": "yes",
        "wheelchair": "yes",
        "wikidata": "Q2152454",
        "wikipedia": "nl:Station Nijverdal"
      },
      "geometry": {
        "type": "Point",
        "coordinates": [
          6.4624207,
          52.366378
        ]
      },
      "id": "node/7606761913"
    },
    {
      "type": "Feature",
      "properties": {
        "@id": "node/7606761914",
        "name": "Heino",
        "public_transport": "station",
        "railway": "station",
        "railway:ref": "Hno",
        "train": "yes",
        "wheelchair": "yes",
        "wikidata": "Q1948428",
        "wikipedia": "nl:Station Heino",
        "zone": "4683"
      },
      "geometry": {
        "type": "Point",
        "coordinates": [
          6.2220279,
          52.4269658
        ]
      },
      "id": "node/7606761914"
    },
    {
      "type": "Feature",
      "properties": {
        "@id": "node/7606761915",
        "name": "Raalte",
        "public_transport": "station",
        "railway": "station",
        "railway:ref": "Rat",
        "train": "yes",
        "wikidata": "Q2268215",
        "wikipedia": "nl:Station Raalte",
        "zone": "4684"
      },
      "geometry": {
        "type": "Point",
        "coordinates": [
          6.27823,
          52.3914177
        ]
      },
      "id": "node/7606761915"
    },
    {
      "type": "Feature",
      "properties": {
        "@id": "node/7606763156",
        "name": "Grijpskerk",
        "public_transport": "station",
        "railway": "station",
        "railway:ref": "Gk",
        "train": "yes",
        "wheelchair": "yes",
        "wikidata": "Q2331363",
        "wikipedia": "nl:Station Grijpskerk",
        "zone": "1145"
      },
      "geometry": {
        "type": "Point",
        "coordinates": [
          6.3098856,
          53.2557864
        ]
      },
      "id": "node/7606763156"
    },
    {
      "type": "Feature",
      "properties": {
        "@id": "node/7606786655",
        "name": "Dalfsen",
        "public_transport": "station",
        "railway": "station",
        "railway:ref": "Dl",
        "train": "yes",
        "wheelchair": "yes",
        "wikidata": "Q4572982",
        "wikipedia": "nl:Station Dalfsen",
        "zone": "4603"
      },
      "geometry": {
        "type": "Point",
        "coordinates": [
          6.2594892,
          52.4982281
        ]
      },
      "id": "node/7606786655"
    },
    {
      "type": "Feature",
      "properties": {
        "@id": "node/7606786656",
        "name": "Ommen",
        "public_transport": "station",
        "railway": "station",
        "railway:ref": "Omn",
        "train": "yes",
        "wheelchair": "yes",
        "wikidata": "Q2066308",
        "wikipedia": "nl:Station Ommen",
        "zone": "4616"
      },
      "geometry": {
        "type": "Point",
        "coordinates": [
          6.4172206,
          52.5097013
        ]
      },
      "id": "node/7606786656"
    },
    {
      "type": "Feature",
      "properties": {
        "@id": "node/7606786657",
        "name": "Vriezenveen",
        "public_transport": "station",
        "railway": "station",
        "railway:ref": "Vz",
        "train": "yes",
        "wikidata": "Q2256575",
        "wikipedia": "nl:Station Vriezenveen",
        "zone": "4561"
      },
      "geometry": {
        "type": "Point",
        "coordinates": [
          6.6004536,
          52.4020925
        ]
      },
      "id": "node/7606786657"
    },
    {
      "type": "Feature",
      "properties": {
        "@id": "node/7606786768",
        "name": "Assen",
        "public_transport": "station",
        "railway": "station",
        "railway:ref": "Asn",
        "train": "yes",
        "wheelchair": "yes",
        "wikidata": "Q47326",
        "wikipedia": "nl:Station Assen",
        "zone": "1500"
      },
      "geometry": {
        "type": "Point",
        "coordinates": [
          6.5712455,
          52.992265
        ]
      },
      "id": "node/7606786768"
    },
    {
      "type": "Feature",
      "properties": {
        "@id": "node/7606791156",
        "internet_access": "wlan",
        "internet_access:fee": "no",
        "name": "Emmen",
        "name:ar": "إمن",
        "name:fa": "امن",
        "operator": "Arriva",
        "platforms": "2",
        "public_transport": "station",
        "railway": "station",
        "railway:ref": "Emn",
        "spotpass": "yes",
        "train": "yes",
        "wifi:operator": "KPN",
        "wikidata": "Q800729",
        "wikipedia": "nl:Station Emmen",
        "zone": "1800"
      },
      "geometry": {
        "type": "Point",
        "coordinates": [
          6.8997205,
          52.7906288
        ]
      },
      "id": "node/7606791156"
    },
    {
      "type": "Feature",
      "properties": {
        "@id": "node/7606791157",
        "name": "Emmen Zuid",
        "network": "Vechtdallijnen",
        "network:wikidata": "Q108742711",
        "operator": "Arriva",
        "public_transport": "station",
        "railway": "station",
        "railway:ref": "Emnz",
        "train": "yes",
        "wikidata": "Q2152781",
        "wikipedia": "nl:Station Emmen Zuid"
      },
      "geometry": {
        "type": "Point",
        "coordinates": [
          6.8743301,
          52.7487147
        ]
      },
      "id": "node/7606791157"
    },
    {
      "type": "Feature",
      "properties": {
        "@id": "node/7606791158",
        "name": "Dalen",
        "public_transport": "station",
        "railway": "station",
        "railway:ref": "Dln",
        "train": "yes",
        "wikidata": "Q2303336",
        "wikipedia": "nl:Station Dalen",
        "zone": "1821"
      },
      "geometry": {
        "type": "Point",
        "coordinates": [
          6.7585202,
          52.6946895
        ]
      },
      "id": "node/7606791158"
    },
    {
      "type": "Feature",
      "properties": {
        "@id": "node/7606791159",
        "name": "Gramsbergen",
        "public_transport": "station",
        "railway": "station",
        "railway:ref": "Gbg",
        "train": "yes",
        "wikidata": "Q2350173",
        "wikipedia": "nl:Station Gramsbergen",
        "zone": "4639"
      },
      "geometry": {
        "type": "Point",
        "coordinates": [
          6.676362,
          52.6098651
        ]
      },
      "id": "node/7606791159"
    },
    {
      "type": "Feature",
      "properties": {
        "@id": "node/7606793098",
        "description": "Meppel - Assen",
        "name": "Beilen",
        "public_transport": "station",
        "railway": "station",
        "railway:ref": "Bl",
        "train": "yes",
        "wheelchair": "yes",
        "wikidata": "Q47333",
        "wikipedia": "nl:Station Beilen",
        "zone": "1505"
      },
      "geometry": {
        "type": "Point",
        "coordinates": [
          6.5213108,
          52.8550649
        ]
      },
      "id": "node/7606793098"
    },
    {
      "type": "Feature",
      "properties": {
        "@id": "node/7606793099",
        "name": "Meppel",
        "public_transport": "station",
        "railway": "station",
        "railway:ref": "Mp",
        "train": "yes",
        "wheelchair": "yes",
        "wikidata": "Q47343",
        "wikipedia": "nl:Station Meppel",
        "zone": "1600"
      },
      "geometry": {
        "type": "Point",
        "coordinates": [
          6.1979382,
          52.6919049
        ]
      },
      "id": "node/7606793099"
    },
    {
      "type": "Feature",
      "properties": {
        "@id": "node/7606802764",
        "name": "Steenwijk",
        "public_transport": "station",
        "railway": "station",
        "railway:ref": "Swk",
        "train": "yes",
        "wheelchair": "yes",
        "wikidata": "Q4336076",
        "wikipedia": "nl:Station Steenwijk"
      },
      "geometry": {
        "type": "Point",
        "coordinates": [
          6.1164515,
          52.7911743
        ]
      },
      "id": "node/7606802764"
    },
    {
      "type": "Feature",
      "properties": {
        "@id": "node/7606802765",
        "name": "Wolvega",
        "public_transport": "station",
        "railway": "station",
        "railway:ref": "Wv",
        "train": "yes",
        "wikidata": "Q8030461",
        "wikipedia": "nl:Station Wolvega"
      },
      "geometry": {
        "type": "Point",
        "coordinates": [
          6.0047673,
          52.8802422
        ]
      },
      "id": "node/7606802765"
    },
    {
      "type": "Feature",
      "properties": {
        "@id": "node/7606802766",
        "name": "Heerenveen",
        "public_transport": "station",
        "railway": "station",
        "railway:ref": "Hr",
        "train": "yes",
        "wheelchair": "limited",
        "wikidata": "Q800899",
        "wikipedia": "nl:Station Heerenveen",
        "zone": "2400"
      },
      "geometry": {
        "type": "Point",
        "coordinates": [
          5.9153474,
          52.9607031
        ]
      },
      "id": "node/7606802766"
    },
    {
      "type": "Feature",
      "properties": {
        "@id": "node/7606802767",
        "name": "Akkrum",
        "public_transport": "station",
        "railway": "station",
        "railway:ref": "Akm",
        "train": "yes",
        "website": "https://www.ns.nl/reizigers/reisinformatie/stationsvoorzieningen/stations/a/akkrum",
        "wikidata": "Q604368",
        "wikimedia_commons": "File:2023 Akkrum, stasjon (1).jpg",
        "wikipedia": "nl:Station Akkrum",
        "zone": "2334"
      },
      "geometry": {
        "type": "Point",
        "coordinates": [
          5.8433715,
          53.0473583
        ]
      },
      "id": "node/7606802767"
    },
    {
      "type": "Feature",
      "properties": {
        "@id": "node/7606802768",
        "name": "Grou-Jirnsum",
        "old_name:1868-1999": "Grouw-Irnsum",
        "operator": "Nederlandse Spoorwegen",
        "public_transport": "station",
        "railway": "station",
        "railway:ref": "Gw",
        "train": "yes",
        "wikidata": "Q2490738",
        "wikipedia": "nl:Station Grou-Jirnsum",
        "zone": "2354"
      },
      "geometry": {
        "type": "Point",
        "coordinates": [
          5.8222898,
          53.0898834
        ]
      },
      "id": "node/7606802768"
    },
    {
      "type": "Feature",
      "properties": {
        "@id": "node/7606818525",
        "name": "Harlingen Haven",
        "public_transport": "station",
        "railway": "station",
        "railway:ref": "Hlgh",
        "train": "yes",
        "wheelchair": "yes",
        "wikidata": "Q2194466",
        "wikipedia": "nl:Station Harlingen Haven",
        "zone": "2067"
      },
      "geometry": {
        "type": "Point",
        "coordinates": [
          5.4114962,
          53.1746159
        ]
      },
      "id": "node/7606818525"
    },
    {
      "type": "Feature",
      "properties": {
        "@id": "node/7606818526",
        "name": "Harlingen",
        "public_transport": "station",
        "railway": "station",
        "railway:ref": "Hlg",
        "train": "yes",
        "wheelchair": "yes",
        "wikidata": "Q800889",
        "wikipedia": "nl:Station Harlingen",
        "zone": "2067"
      },
      "geometry": {
        "type": "Point",
        "coordinates": [
          5.4252094,
          53.1703923
        ]
      },
      "id": "node/7606818526"
    },
    {
      "type": "Feature",
      "properties": {
        "@id": "node/7606818527",
        "name": "Franeker",
        "operator": "Arriva",
        "public_transport": "station",
        "railway": "station",
        "railway:ref": "Fn",
        "train": "yes",
        "wheelchair": "yes",
        "wikidata": "Q17934",
        "wikipedia": "nl:Station Franeker",
        "zone": "2047"
      },
      "geometry": {
        "type": "Point",
        "coordinates": [
          5.549851,
          53.1824012
        ]
      },
      "id": "node/7606818527"
    },
    {
      "type": "Feature",
      "properties": {
        "@id": "node/7606818528",
        "name": "Dronryp",
        "old_name:1863-2015": "Dronrijp",
        "public_transport": "station",
        "railway": "station",
        "railway:ref": "Drp",
        "train": "yes",
        "wheelchair": "yes",
        "wikidata": "Q1960877",
        "wikipedia": "nl:Station Dronryp",
        "zone": "2122"
      },
      "geometry": {
        "type": "Point",
        "coordinates": [
          5.6347677,
          53.1777182
        ]
      },
      "id": "node/7606818528"
    },
    {
      "type": "Feature",
      "properties": {
        "@id": "node/7606818529",
        "name": "Deinum",
        "public_transport": "station",
        "railway": "station",
        "railway:ref": "Dei",
        "train": "yes",
        "wheelchair": "yes",
        "wikidata": "Q2779850",
        "wikipedia": "nl:Station Deinum",
        "zone": "2017"
      },
      "geometry": {
        "type": "Point",
        "coordinates": [
          5.7280592,
          53.1887582
        ]
      },
      "id": "node/7606818529"
    },
    {
      "type": "Feature",
      "properties": {
        "@id": "node/7606819558",
        "name": "Daarlerveen",
        "public_transport": "station",
        "railway": "station",
        "railway:ref": "Da",
        "train": "yes",
        "wheelchair": "yes",
        "wikidata": "Q1872251",
        "wikipedia": "nl:Station Daarlerveen",
        "zone": "4572"
      },
      "geometry": {
        "type": "Point",
        "coordinates": [
          6.5760173,
          52.4411354
        ]
      },
      "id": "node/7606819558"
    },
    {
      "type": "Feature",
      "properties": {
        "@id": "node/7606825348",
        "name": "Leeuwarden Camminghaburen",
        "public_transport": "station",
        "railway": "station",
        "railway:ref": "Lwc",
        "train": "yes",
        "wheelchair": "yes",
        "wikidata": "Q17948",
        "wikipedia": "nl:Station Leeuwarden Camminghaburen",
        "zone": "2000"
      },
      "geometry": {
        "type": "Point",
        "coordinates": [
          5.8425552,
          53.2021437
        ]
      },
      "id": "node/7606825348"
    },
    {
      "type": "Feature",
      "properties": {
        "@id": "node/7606825349",
        "name": "Hurdegaryp",
        "old_name:1866-1989": "Hardegarijp",
        "operator": "Nederlandse Spoorwegen",
        "public_transport": "station",
        "railway": "station",
        "railway:ref": "Hdg",
        "toilets:wheelchair": "no",
        "train": "yes",
        "wheelchair": "yes",
        "wikidata": "Q2569972",
        "wikipedia": "nl:Station Hurdegaryp",
        "zone": "2130"
      },
      "geometry": {
        "type": "Point",
        "coordinates": [
          5.9344245,
          53.2188842
        ]
      },
      "id": "node/7606825349"
    },
    {
      "type": "Feature",
      "properties": {
        "@id": "node/7606825350",
        "name": "Feanwâlden",
        "old_name:1866-2015": "Veenwouden",
        "public_transport": "station",
        "railway": "station",
        "railway:ref": "Fwd",
        "train": "yes",
        "wheelchair": "yes",
        "wikidata": "Q426233",
        "wikipedia": "nl:Station Feanwâlden",
        "zone": "2130"
      },
      "geometry": {
        "type": "Point",
        "coordinates": [
          5.9897322,
          53.2350543
        ]
      },
      "id": "node/7606825350"
    },
    {
      "type": "Feature",
      "properties": {
        "@id": "node/7606825351",
        "description": "Leeuwarden - Groningen",
        "name": "De Westereen",
        "old_name:1885-2015": "Zwaagwesteinde",
        "public_transport": "station",
        "railway": "station",
        "railway:ref": "Dwe",
        "train": "yes",
        "wheelchair": "yes",
        "wikidata": "Q2652530",
        "wikimedia_commons": "Category:Station De Westereen",
        "wikipedia": "nl:Station De Westereen",
        "zone": "2138"
      },
      "geometry": {
        "type": "Point",
        "coordinates": [
          6.0354836,
          53.2482864
        ]
      },
      "id": "node/7606825351"
    },
    {
      "type": "Feature",
      "properties": {
        "@id": "node/7606839823",
        "name": "Hindeloopen",
        "public_transport": "station",
        "railway": "station",
        "railway:ref": "Hnp",
        "train": "yes",
        "wheelchair": "yes",
        "wikidata": "Q5765960",
        "wikimedia_commons": "Category:Station Hindeloopen",
        "wikipedia": "nl:Station Hindeloopen",
        "zone": "2234"
      },
      "geometry": {
        "type": "Point",
        "coordinates": [
          5.4231314,
          52.9464538
        ]
      },
      "id": "node/7606839823"
    },
    {
      "type": "Feature",
      "properties": {
        "@id": "node/7606839824",
        "name": "Workum",
        "public_transport": "station",
        "railway": "station",
        "railway:ref": "Wk",
        "train": "yes",
        "wheelchair": "yes",
        "wikidata": "Q4902663",
        "wikipedia": "nl:Station Workum",
        "zone": "2251"
      },
      "geometry": {
        "type": "Point",
        "coordinates": [
          5.4565133,
          52.9720548
        ]
      },
      "id": "node/7606839824"
    },
    {
      "type": "Feature",
      "properties": {
        "@id": "node/7606839825",
        "name": "IJlst",
        "public_transport": "station",
        "railway": "station",
        "railway:ref": "IJt",
        "train": "yes",
        "wheelchair": "yes",
        "wikidata": "Q2431423",
        "wikimedia_commons": "Category:Station IJlst",
        "wikipedia": "nl:Station IJlst",
        "zone": "2369"
      },
      "geometry": {
        "type": "Point",
        "coordinates": [
          5.6161316,
          53.0147424
        ]
      },
      "id": "node/7606839825"
    },
    {
      "type": "Feature",
      "properties": {
        "@id": "node/7606839826",
        "name": "Sneek",
        "name:fy": "Snits",
        "public_transport": "station",
        "railway": "station",
        "railway:ref": "Sk",
        "train": "yes",
        "wheelchair": "yes",
        "wikidata": "Q167148",
        "wikipedia": "nl:Station Sneek",
        "zone": "2359"
      },
      "geometry": {
        "type": "Point",
        "coordinates": [
          5.6518895,
          53.0326201
        ]
      },
      "id": "node/7606839826"
    },
    {
      "type": "Feature",
      "properties": {
        "@id": "node/7606839827",
        "name": "Sneek Noord",
        "name:fy": "Snits Noard",
        "public_transport": "station",
        "railway": "station",
        "railway:ref": "Sknd",
        "train": "yes",
        "wheelchair": "yes",
        "wikidata": "Q1908342",
        "wikimedia_commons": "Category:Station Sneek Noord",
        "wikipedia": "nl:Station Sneek Noord",
        "zone": "2359"
      },
      "geometry": {
        "type": "Point",
        "coordinates": [
          5.66273,
          53.0401281
        ]
      },
      "id": "node/7606839827"
    },
    {
      "type": "Feature",
      "properties": {
        "@id": "node/7610639512",
        "name": "Baarland",
        "operator": "Stoomtrein Goes - Borsele",
        "public_transport": "station",
        "railway": "station",
        "railway:ref": "Bld",
        "train": "yes",
        "wikidata": "Q17459793",
        "wikipedia": "nl:Halte Baarland"
      },
      "geometry": {
        "type": "Point",
        "coordinates": [
          3.8826993,
          51.4150204
        ]
      },
      "id": "node/7610639512"
    },
    {
      "type": "Feature",
      "properties": {
        "@id": "node/7610643507",
        "name": "Nisse",
        "operator": "Stoomtrein Goes - Borsele",
        "public_transport": "station",
        "railway": "station",
        "railway:ref": "Ni",
        "train": "yes",
        "wikidata": "Q177365",
        "wikipedia": "nl:Station Nisse"
      },
      "geometry": {
        "type": "Point",
        "coordinates": [
          3.8801356,
          51.4539408
        ]
      },
      "id": "node/7610643507"
    },
    {
      "type": "Feature",
      "properties": {
        "@id": "node/9604567339",
        "name": "Leiden Centraal",
        "old_name:-1997": "Leiden",
        "public_transport": "station",
        "railway": "station",
        "railway:ref": "Ledn",
        "start_date": "1843-06-15",
        "train": "yes",
        "wheelchair": "yes",
        "wikidata": "Q801075",
        "wikipedia": "nl:Station Leiden Centraal",
        "zone": "5444"
      },
      "geometry": {
        "type": "Point",
        "coordinates": [
          4.482286,
          52.166319
        ]
      },
      "id": "node/9604567339"
    },
    {
      "type": "Feature",
      "properties": {
        "@id": "node/11208806839",
        "name": "Meerssen",
        "operator": "ProRail;Arriva Personenvervoer Nederland",
        "operator:wikidata": "Q2316882;Q2581356",
        "public_transport": "station",
        "railway": "station",
        "railway:ref": "Mes",
        "source": "BAG",
        "source:date": "2014-05-07",
        "station": "train",
        "train": "yes",
        "uic_ref": "8400434",
        "wheelchair": "yes",
        "wikidata": "Q3539623",
        "wikimedia_commons": "Category:Station Meerssen",
        "wikipedia": "nl:Station Meerssen",
        "zone": "6740"
      },
      "geometry": {
        "type": "Point",
        "coordinates": [
          5.7501291,
          50.8826069
        ]
      },
      "id": "node/11208806839"
    }
  ]
}